pnode_id,pnode_name,pnode_subtype,pnode_zone,sub_id,sub_name,sub_city,sub_state,sub_max_volt,sub_lat,sub_lng,match_score
5021727,GORSUCH 138 KV  AMP OHIO,GEN,AEP,137125,RICHARD GORSUCH,MARIETTA,OH,138,39.36711112100005,-81.51987089999994,100
1165472099,BROWNHIL69 KV   ADAMS,LOAD,AEP,154277,ADAMS,NORWALK,OH,-999999,41.252065807000065,-82.60781165299994,100
32418453,MADISON 11 KV   SYNCHRON,GEN,AEP,124025,MADISON,ANDERSON,IN,138,40.08696248600006,-85.64506873999994,100
32418453,MADISON 11 KV   SYNCHRON,GEN,AEP,152461,MADISON,MT STERLING,OH,69,39.71706695000006,-83.27357051299998,100
32410491,ADDISON 138 KV  T3,LOAD,AEP,127644,EDISON,NEW CARLISLE,IN,138,41.69977019300006,-86.46625319899994,81.92307692307692
57967547,WALLEN  138 KV  LOAD XT1,LOAD,AEP,122650,ALLEN,MONROEVILLE,IN,345,41.01433108100008,-84.97763155999996,90.9090909090909
32411661,INDUSTRI34 KV   WALLEN,LOAD,AEP,151134,WALLEN,FORT WAYNE,IN,-999999,41.16182300000003,-85.16480599999994,100
32410519,AMOS    34 KV   T5,LOAD,AEP,153933,JOHN AMOS,WINFIELD,WV,765,38.47371050700008,-81.82943789099994,100
32410519,AMOS    34 KV   T5,LOAD,AEP,153992,AMOS,WINFIELD,WV,345,38.46877430100005,-81.82694168499995,100
32411201,ELMOSS  69 KV   FAYETEVI,LOAD,AEP,113966,MOSS,CLINCHCO,VA,69,37.151894166000034,-82.35643284299994,85.0
32410555,AUBURN  138 KV  T1,LOAD,AEP,122674,AUBURN (138KV),AUBURN,IN,138,41.36113477300006,-85.04708021599998,100
32410555,AUBURN  138 KV  T1,LOAD,AEP,122677,AUBURN (69KV),AUBURN,IN,138,41.36271455100007,-85.04779555899995,100
32410555,AUBURN  138 KV  T1,LOAD,AEP,146348,ASHBURN,ASHBURN,VA,230,39.05139227300003,-77.49837049299998,76.92307692307692
32410583,BEAVERCR46 KV   BURTON,LOAD,AEP,115504,BURTON,VIRGINIA BEACH,VA,115,36.90759809000008,-76.17297305099999,100
32410599,BELLE   46 KV   T1,LOAD,AEP,121587,BELLE HAVEN DIESEL GENERATION FACILITY,PAINTER,VA,69,37.54846185900004,-75.79083452899994,100
32410599,BELLE   46 KV   T1,LOAD,AEP,151011,BELLE VISTA,YOUNGSTOWN,OH,-999999,41.111947163000025,-80.68849115999996,100
32410599,BELLE   46 KV   T1,LOAD,AEP,162357,BELLE WEST VIRGINIA PLANT,CHARLESTON,WV,-999999,38.243836000000044,-81.55348599999996,100
1379257896,BOLTON  138 KV  T1,LOAD,AEP,158900,BOLTON,COLUMBUS,OH,-999999,39.89917434800003,-83.11852742199994,100
32410703,BOXWOOD 138 KV  T1,LOAD,AEP,147438,BOXWOOD,AMHERST,VA,138,37.593455292000044,-79.03242540899998,100
32410737,BRUES   138 KV  T4,LOAD,AEP,108782,BRUES,WHEELING,WV,138,40.03831035200005,-80.72264981499995,100
93353487,02BRUSH 138 KV  TR1,LOAD,ATSI,154047,BRUSH,RICHFIELD,OH,138,41.24334604400008,-81.62972286999997,88.33333333333333
1388603009,DOVER   69 KV   CDOVER,LOAD,AEP,152287,DOVER,DOVER,OH,69,40.520343136000065,-81.46801670199994,100
32410935,CODOVER 138 KV  T1,LOAD,AEP,109452,COOPER,SOMERSET,KY,161,36.99942707900004,-84.59151930499996,76.92307692307692
63381389,COVERT  16 KV   1STG,GEN,AEP,146048,COVERT,COVERT TWP,MI,-999999,42.321524888000056,-86.29396622699994,100
32410941,COLBY   34 KV   T1,LOAD,AEP,128721,AEP COLBY,WAYNE TWP,MI,138,41.99731061600005,-86.09112595999994,100
32410957,CONCORD 138 KV  T1,LOAD,AEP,122937,CONCORD,ELKHART,IN,138,41.65899052900005,-85.99026168499995,100
32410957,CONCORD 138 KV  T1,LOAD,AEP,146510,CONCORD,CONCORD TWP,PA,230,39.872290305000035,-75.53901959599995,100
32410971,COOK    34 KV   LOAD1,LOAD,AEP,145845,COOK,BARODA,MI,765,41.97414558000003,-86.55594339199996,100
32410971,COOK    34 KV   LOAD1,LOAD,AEP,145847,COOK,STEVENSVILLE,MI,345,41.976790451000056,-86.55417304999997,100
1123170676,ELLISONR138 KV  COVENTRY,LOAD,AEP,152367,COVENTRY,BARBERTON,OH,-999999,41.03443386400005,-81.57815713599996,100
32411023,DAMERON 138 KV  T1,LOAD,AEP,108787,LAMBERTON,HARRISVILLE,WV,138,39.26882499800007,-81.05471024599996,80.0
32411037,DARRAH  34 KV   26THSTRE,LOAD,AEP,108809,DARRAH,HUNTINGTON,WV,138,38.42021130000006,-82.38688186399997,100
32411109,DEWEY   138 KV  T1,LOAD,AEP,121290,DEWEY,VAN LEAR,KY,138,37.76316700000007,-82.67559199999994,100
32411131,DUBOIS2 34 KV   T2,LOAD,AEP,147377,DUBOIS,DUBOIS,PA,115,41.11998525700005,-78.73105811699998,92.3076923076923
34509189,DUMONT,EHV,AEP,153303,DUMONT,NORTH LIBERTY,IN,765,41.52347886100006,-86.36045134399996,100
32411251,FIELDALE69 KV   DUPONT,LOAD,AEP,147830,DUPONT,RICHMOND,VA,-999999,37.453271381000036,-77.43845776399996,100
32411139,DUNLAP  34 KV   LUSHER,LOAD,AEP,147717,DUNLAP,ELKHART,IN,138,41.647018667000054,-85.93085107299999,100
98370523,BEAVER  13.2 KV WL-B,GEN,ATSI,154487,BEAVER,LORAIN,OH,345,41.42775759500006,-82.26192374799996,100
2156108972,REAVER  138 KV  T4,LOAD,AEP,158901,REAVER,COLUMBUS,OH,-999999,39.938964276000036,-83.04258647399996,100
2156110530,SHELBYCO69 KV   LOGAN,LOAD,EKPC,108924,LOGAN,LOGAN,WV,138,37.84836236500007,-81.99701299199995,100
2156110530,SHELBYCO69 KV   LOGAN,LOAD,EKPC,140191,LOGAN,MISHAWAKA,IN,-999999,41.651357000000075,-86.19598899999994,100
2156110530,SHELBYCO69 KV   LOGAN,LOAD,EKPC,141215,LOGAN,WEST LIBERTY,OH,138,40.266460368000025,-83.77372710299994,100
32411291,FLOYD   138 KV  T2,LOAD,AEP,148692,FLOYD,FLOYD,VA,138,36.92592941500004,-80.30859177099995,100
32411297,FORD    138 KV  T3,LOAD,AEP,148673,FORD,PERRYSBURG,OH,138,41.57739316200008,-83.59795058099996,100
32411297,FORD    138 KV  T3,LOAD,AEP,153916,FORD LIMA,WOOSTER,OH,138,40.780375812000045,-84.08284326599994,100
32411321,FREMONT 138 KV  T1,LOAD,AEP,113964,FREEMONT,CLINTWOOD,VA,138,37.12982109600006,-82.39644840899996,98.33333333333333
32411321,FREMONT 138 KV  T1,LOAD,AEP,112850,FREMONT ENERGY CENTER,FREMONT,OH,138,41.37715361200003,-83.16313619999994,100
32411321,FREMONT 138 KV  T1,LOAD,AEP,137537,FRONT,CINCINNATI,OH,138,39.09384759100004,-84.52377296099996,88.33333333333333
48934057,HANNA II138 KV  HANNA II,LOAD,DAY,153876,HANNA,RAVENNA,OH,345,41.11965137000004,-81.22697050199997,100
32414931,GALION  69 KV   LOAD,LOAD,ATSI,151671,GALION,GALION,OH,345,40.69426814500008,-82.79971363799996,100
32411431,GRAYSON 69 KV   T1,LOAD,AEP,147547,RAYSTOWN,HUNTINGDON,PA,230,40.45576666000005,-78.03609612499997,80.0
32411515,HAZARD  69 KV   JEFF,LOAD,AEP,121484,HAZARD,HAZARD,KY,161,37.244987467000044,-83.17490814999996,100
32411535,HICKORYC34 KV   CLARK,LOAD,AEP,113862,CLARK,SPRINGFIELD,OH,138,39.923078549000024,-83.85318312099997,100
32411535,HICKORYC34 KV   CLARK,LOAD,AEP,146769,CLARK,VIENNA,VA,230,38.931664831000035,-77.30372449799995,100
32411535,HICKORYC34 KV   CLARK,LOAD,AEP,146796,CLARK,VIENNA,VA,230,38.90718245700003,-77.27127031499998,100
32411577,HOLSTON 138 KV  T1,LOAD,AEP,147768,HOLSTON DAM,BRISTOL,TN,69,36.52304361200004,-82.09071740199994,100
32412285,POSTON  138 KV  T1,LOAD,AEP,151625,POSTON,ATHENS,OH,138,39.38264403100004,-82.17930753799999,100
32411597,HOWARD2 138 KV  T1,LOAD,AEP,113674,HOWARD,SHELBY,OH,138,40.85090012000006,-82.68111930399994,97.3076923076923
32411655,INDUSTRI34 KV   BASS,LOAD,AEP,172439,BASS,FORT WAYNE,IN,138,41.09843100000006,-85.17366199999998,100
32411667,INEZ    138 KV  T1,LOAD,AEP,121356,INEZ,PILGRIM,KY,138,37.766915812000036,-82.47327384899995,100
98370217,PINEOE  138 KV  TR1,LOAD,ATSI,152383,PINE,AKRON,OH,138,41.108400912000036,-81.58211072199998,85.0
32411693,JACKSON 69 KV   LEECITY,LOAD,AEP,122734,JACKSON ROAD,SOUTH BEND,IN,345,41.62308557400007,-86.25599138999996,100
32411693,JACKSON 69 KV   LEECITY,LOAD,AEP,147373,MOUNT JACKSON,QUICKSBURG,VA,115,38.72436542100007,-78.66172980299996,100
32411693,JACKSON 69 KV   LEECITY,LOAD,AEP,147374,MOUNT JACKSON D.P.,MOUNT JACKSON,VA,115,38.747089274000075,-78.67194482899998,100
32411785,LAKIN   138 KV  T2,LOAD,AEP,108804,LAKIN,POINT PLEASANT,WV,69,38.967315358000064,-82.08488419599996,100
32411793,LAPORTE 69 KV   SPRINGV,LOAD,AEP,128041,LAPORTE JUNCTION,MICHIGAN CITY,IN,138,41.71862198900004,-86.75884616499997,100
32411809,LEONAP  69 KV   T2,LOAD,AEP,146508,LENAPE,POCOPSON TWP,PA,230,39.909628618000056,-75.63227955599996,83.33333333333333
32411809,LEONAP  69 KV   T2,LOAD,AEP,108812,LEON,LEON,WV,-999999,38.75939317000007,-81.94938556799997,80.0
32411811,LESLIE  161 KV  T1,LOAD,AEP,109523,LESLIE,HYDEN,KY,161,37.142363000000046,-83.32114199999995,100
32411811,LESLIE  161 KV  T1,LOAD,AEP,130536,LESLIE METERING,SIDNEY,KY,69,37.62521518400007,-82.35971715999995,100
32411815,LICK    138 KV  T1,LOAD,AEP,154289,LICK,JACKSON,OH,138,39.04366598900003,-82.60919609099994,100
32411845,LONDON  46 KV   HUGHESTO,LOAD,AEP,108880,LONDON,CEDAR GROVE,WV,-999999,38.19540073500008,-81.36740269899997,100
32411845,LONDON  46 KV   HUGHESTO,LOAD,AEP,113803,LONDON,LONDON,OH,138,39.885370357000056,-83.45512682099996,100
32411845,LONDON  46 KV   HUGHESTO,LOAD,AEP,146696,NEW LONDON,FOREST,VA,138,37.329108709000025,-79.30879958299994,100
32411859,LUCENT  138 KV  TA,LOAD,AEP,152440,LUCENT,COLUMBUS,OH,138,39.98837667000004,-82.83134625299994,100
32411875,MALVERN 138 KV  T1,LOAD,AEP,151736,MALVERN,MALVERN,OH,138,40.68395489000005,-81.19693452799999,100
32411941,MEDFORD 138 KV  T1,LOAD,AEP,124029,AEP MEDFORD SUBSTATION,MUNCIE,IN,138,40.148125470000025,-85.34222895799996,100
32411991,MILLRUN 69 KV   T1,LOAD,AEP,128922,MILL RUN,MILLWOOD,WV,-999999,38.903029805000074,-81.83942475799995,93.33333333333333
32412059,MULLIN  138 KV  T1,LOAD,AEP,160568,MULLIN,ALEXANDRIA,IN,138,40.271193622000055,-85.77470662699994,100
32412053,MULLENS 138 KV  T4,LOAD,AEP,108890,MULLENS,AMIGO,WV,138,37.575140289000046,-81.35371448599994,100
2156111888,WALDO   69 KV   T1,LOAD,AEP,141220,WALDO,WALDO,OH,-999999,40.45846638200004,-83.09085302599993,100
2156111888,WALDO   69 KV   T1,LOAD,AEP,176506,WALDO RUN,SALEM,WV,138,39.30571985800003,-80.65075968499997,100
32412181,OLIVE   138 KV  T3,LOAD,AEP,147727,OLIVE,NEW CARLISLE,IN,345,41.706478281000045,-86.48377202199998,100
32412259,PINEYF  69 KV   T1,LOAD,AEP,123531,PINEY,PINEY TWP,PA,115,41.19122140200005,-79.43637810699994,90.9090909090909
32412277,POKAGON 69 KV   BARRETTP,LOAD,AEP,128740,POKAGON,NILES,MI,138,41.87599815600004,-86.17613289299999,100
32412341,REUSENS 69 KV   MONROEAP,LOAD,AEP,121384,REUSENS,LYNCHBURG,VA,-999999,37.462495423000064,-79.18712613599996,100
32412341,REUSENS 69 KV   MONROEAP,LOAD,AEP,146699,REUSENS,LYNCHBURG,VA,138,37.46222181200005,-79.18913003599994,100
32412391,ROANOKE 69 KV   CAMPBAVE,LOAD,AEP,147332,ROANOKE,ROANOKE,VA,138,37.250391310000055,-79.92085909999997,100
32412391,ROANOKE 69 KV   CAMPBAVE,LOAD,AEP,147339,ROANOKE ELECTRIC STEEL,ROANOKE,VA,-999999,37.275608067000064,-79.99904598099994,100
32411933,MCROSS  69 KV   T1,LOAD,AEP,154145,MCROSS,CHARMCO,WV,69,38.005793287000074,-80.74834012299993,100
2156118075,BEAVERCR46 KV   ELWOOD,LOAD,AEP,121524,ELWOOD,JONANCY,KY,46,37.31688200000008,-82.58420099999995,100
2156118075,BEAVERCR46 KV   ELWOOD,LOAD,AEP,127653,ELWOOD,ELWOOD,IN,69,40.27764517400004,-85.84414888199996,100
1666104456,SHRWOOD 69 KV   T1,LOAD,AEP,146621,SHERWOOD,CHARLOTTESVILLE,VA,115,38.02126164200007,-78.52598848699995,93.33333333333333
93353815,KENYON  138 KV  TR71,LOAD,ATSI,152338,KENYON,PEPPER PIKE,OH,138,41.46414899200005,-81.48882048199994,100
32412661,SPRIGG  138 KV  T1,LOAD,AEP,130531,SPRIGG,MC CARR,WV,138,37.63520858500004,-82.18778116599998,100
32412847,TIMKEN  138 KV  T1,LOAD,AEP,137114,TIMKEN,CANTON,OH,138,40.77929491900005,-81.39969119899996,100
32412755,STURGIS 69 KV   FAWNRIVE,LOAD,AEP,128963,STURGIS,STURGIS,MI,69,41.79898222700007,-85.42526528099995,100
32412827,THELMA  69 KV   WPAINTSV,LOAD,AEP,121289,THELMA (AEP),THELMA,KY,138,37.826392000000055,-82.76722199999995,100
32412827,THELMA  69 KV   WPAINTSV,LOAD,AEP,121409,THELMA (EKPC),THELMA,KY,69,37.82909900000004,-82.76543399999997,100
32412879,TURNER  138 KV  T5,LOAD,AEP,108823,TURNER,SAINT ALBANS,WV,138,38.38291118700005,-81.78680977199997,100
32412879,TURNER  138 KV  T5,LOAD,AEP,147876,TURNER ROAD,HENRICO,VA,230,37.447482732000026,-77.30143634699994,100
32412875,TRIER   138 KV  T1,LOAD,AEP,144048,TRAINER,MARCUS HOOK,PA,230,39.82204854200006,-75.39952555699995,83.33333333333333
32412987,WCANTON 138 KV  T2,LOAD,AEP,160621,WALTON,WALTON,WV,-999999,38.59947998900003,-81.38956018599998,76.92307692307692
32412987,WCANTON 138 KV  T2,LOAD,AEP,147901,WARRENTON,WARRENTON,VA,230,38.69742368000004,-77.76746381499999,75.0
1388603009,DOVER   69 KV   CDOVER,LOAD,AEP,147328,ANDOVER,ANDOVER,OH,-999999,41.60368486700003,-80.61219604299998,83.33333333333333
32413087,WOOSTER 138 KV  T2,LOAD,AEP,153980,WOOSTER,WOOSTER,OH,138,40.77817761700004,-81.94124630999994,100
32413087,WOOSTER 138 KV  T2,LOAD,AEP,153981,EAST WOOSTER,WOOSTER,OH,138,40.827721018000034,-81.89787280499996,100
32413087,WOOSTER 138 KV  T2,LOAD,AEP,155520,FOSTER,MAINEVILLE,OH,345,39.305894428000045,-84.24937648499997,76.92307692307692
32413111,WYTHE   69 KV   BLANDAP,LOAD,AEP,152866,WYTHE,WYTHEVILLE,VA,138,36.948432396000044,-81.06049946899998,100
32413149,CITY    138 KV  LOAD,LOAD,AEP,116902,CITY OF SHELBY ELECTRIC DISTRIBUTION,SHELBY,OH,138,40.89644190700005,-82.66418872399998,100
32413149,CITY    138 KV  LOAD,LOAD,AEP,137544,CITY OF BRYAN,BRYAN,OH,138,41.45694556400008,-84.52534360299995,100
32413149,CITY    138 KV  LOAD,LOAD,AEP,143983,STEEL CITY,LOWER SAUCON TWP,PA,500,40.619749752000075,-75.30872970699994,100
32413159,AMPOR   138 KV  LOAD,LOAD,AEP,154012,AMPOR,ORRVILLE,OH,138,40.85007554600003,-81.76586232099999,100
32413279,ATLNTA  69 KV   A,LOAD,DAY,152467,ATLANTA,NEW HOLLAND,OH,345,39.56026593800004,-83.17629040299994,92.3076923076923
32413281,DARBY   69 KV   LOADL,LOAD,DAY,144046,UPPER DARBY,UPPER DARBY TWP,PA,69,39.95083864600008,-75.26375149499995,100
32413281,DARBY   69 KV   LOADL,LOAD,DAY,152462,BIG DARBY,DARBYVILLE,OH,69,39.696708665000074,-83.11275094399997,100
32413293,MIAMI   138 KV  LOADM,LOAD,DAY,113368,MIAMI,CINCINNATI,OH,345,39.11231868600004,-84.80599104199996,100
32413293,MIAMI   138 KV  LOADM,LOAD,DAY,153900,MIAMI,TIPP CITY,OH,345,39.941836618000025,-84.16979507899998,100
32413297,NORMAN  138 KV  A,LOAD,DAY,113890,NORMANDY,DAYTON,OH,138,39.61501040600007,-84.16979472799994,90.71428571428571
32413301,SHELBY  138 KV  LOAD,LOAD,DAY,153903,SHELBY,SIDNEY,OH,345,40.28864334600007,-84.08616407399995,100
32413305,WMILTON 69 KV   A,LOAD,DAY,108946,MILTON,MILTON,WV,69,38.42664110900006,-82.12787906399996,97.3076923076923
32413303,WMILTON 138 KV  LOAD,LOAD,DAY,147917,HAMILTON,HAMILTON,VA,-999999,39.146408448000045,-77.68039987899994,80.0
32414785,ACME    69 KV   A,LOAD,ATSI,153970,ACME HILL,SEVILLE,OH,-999999,41.01498434700005,-81.91125762399997,100
32414801,AVERY   69 KV   A,LOAD,ATSI,154288,AVERY,MILAN,OH,138,41.33630687700003,-82.63580867699994,100
32414801,AVERY   69 KV   A,LOAD,ATSI,144042,WAVERLY,PHILADELPHIA,PA,69,39.94493293900007,-75.16377257899995,88.33333333333333
98370075,DALEOE  138 KV  TR2,LOAD,ATSI,122440,DALE,WINCHESTER,KY,138,37.88055700000007,-84.26316099999997,85.0
98370075,DALEOE  138 KV  TR2,LOAD,ATSI,152362,DALE,MASSILLON,OH,138,40.884291672000074,-81.50227452099995,85.0
32414931,GALION  69 KV   LOAD,LOAD,ATSI,133826,GALION GENERATING STATION,GALION,OH,-999999,40.71759848200003,-82.78938325899998,100
32414931,GALION  69 KV   LOAD,LOAD,ATSI,122656,ALBION,ALBION,IN,138,41.373660544000074,-85.42471706599997,83.33333333333333
135388837,GOULD   69 KV   TR1,LOAD,ATSI,148504,GOULD,TOLEDO,OH,-999999,41.601384007000036,-83.61183468699994,100
32415061,LESIDE  69 KV   A,LOAD,ATSI,147840,LAKESIDE,HENRICO,VA,230,37.61688513200005,-77.46011623799996,85.71428571428571
32415061,LESIDE  69 KV   A,LOAD,ATSI,146759,ENGLESIDE,LANCASTER,PA,138,40.02179287600006,-76.30733773399999,80.0
32415113,MASURY  69 KV   A,LOAD,ATSI,151357,MASURY,MASURY,OH,138,41.207211974000074,-80.53353350399993,100
32415171,PIDGEON 69 KV   B,LOAD,ATSI,151777,PIDGEON,SALEM,OH,138,40.87800475600005,-80.84696715899997,100
32415207,SEVILL  69 KV   A,LOAD,ATSI,153976,SEVILLE,SEVILLE,OH,-999999,41.02534731000003,-81.88564860899999,92.3076923076923
1123175816,S_VILLE 69 KV   LD_182,LOAD,EKPC,144026,SAVILLE,CRUM LYNNE,PA,138,39.85614097100006,-75.34581623599996,85.71428571428571
32415207,SEVILL  69 KV   A,LOAD,ATSI,146428,HOUSEVILLE,SAXONBURG,PA,138,40.73089182800004,-79.84164179099997,75.0
32415213,SHARON  69 KV   A,LOAD,ATSI,144047,SHARON HILL,SHARON HILL,PA,69,39.90748276700003,-75.27964153499994,100
32418279,BAKER   23 KV   BS2,GEN,AEP,147787,BAKER,LOUISA,KY,765,38.181368761000044,-82.60989138999997,100
32418421,GLENLYN 138 KV  GL5,GEN,AEP,148204,GLEN LYN,GLEN LYN,VA,138,37.36974300600008,-80.86129938099998,98.33333333333333
32418453,MADISON 11 KV   SYNCHRON,GEN,AEP,157688,MADISONBURG,WOOSTER,OH,-999999,40.85938616400006,-81.93881679599997,77.77777777777777
32418499,PICWAY  138 KV  PC5,GEN,AEP,152399,PICWAY,LOCKBOURNE,OH,138,39.793994412000075,-83.01041002299996,100
32418619,KEYSTNE 13 KV   _UN5__15,GEN,AEP,146704,KEYSTONE,SHELOCTA,PA,500,40.65770284200005,-79.33851666499999,93.33333333333333
32418619,KEYSTNE 13 KV   _UN5__15,GEN,AEP,144027,EDDYSTONE,CRUM LYNNE,PA,230,39.86029213900008,-75.32603277299995,75.0
32418701,ADKINS  345 KV  GT1,GEN,DAY,152469,ADKINS,MT STERLING,OH,345,39.712337287000025,-83.17756507899998,100
32418701,ADKINS  345 KV  GT1,GEN,DAY,147037,YADKIN,CHESAPEAKE,VA,500,36.76297904100005,-76.35471475799994,83.33333333333333
32418727,KILLEN  345 KV  KI2,GEN,DAY,153666,KILLEN,STOUT,OH,345,38.693861791000074,-83.47819595699997,100
32418871,ZIMMER2 345 KV  ZM1_D,GEN,DEOK,155518,ZIMMER,MOSCOW,OH,345,38.86564995900005,-84.22493111199998,97.3076923076923
32419249,PIERCE  23 KV   BK6_D,GEN,DAY,155519,PIERCE,NEW RICHMOND,OH,345,38.99057992000007,-84.29030705199995,100
32419249,PIERCE  23 KV   BK6_D,GEN,DAY,155521,PIERCE,NEW RICHMOND,OH,138,38.990194890000055,-84.29217448599996,100
32419249,PIERCE  23 KV   BK6_D,GEN,DAY,160680,PIERCE BROOK,SMETHPORT,PA,-999999,41.842215768000074,-78.40923058499999,100
2156117838,NEWLEXIN69 KV   SHAWNEE,LOAD,AEP,143611,SHAWNEE,EAST STROUDSBURG,PA,230,41.06024402400004,-75.05968735099998,100
32947183,PADDOCK 69 KV   GENDUMMY,EXT,AEP,147566,BRADDOCK,ANNANDALE,VA,230,38.821865297000045,-77.22356113899997,80.0
33884145,DRESDEN 138 KV  STM1,GEN,AEP,154599,DRESDEN,DRESDEN,OH,138,40.09416913300004,-82.02691904799997,100
34509211,ORANGE,EHV,AEP,153672,PORTAGE,PORTAGE,OH,-999999,41.311672816000055,-83.64978654699996,76.92307692307692
32411413,GRANGER 138 KV  T1,LOAD,AEP,154010,GRANGER,MEDINA,OH,-999999,41.15797870400007,-81.73697278099996,100
38367875,ELDEAN1 138 KV  BK-7,LOAD,DAY,113853,ELDEAN,TROY,OH,138,40.08298411800007,-84.23721793599998,97.3076923076923
40243243,KEYWOOD 138 KV  T1 LOAD,LOAD,AEP,158910,BERRYWOOD,DELAWARE,OH,138,40.265425108000045,-82.98726828799994,80.0
40243351,TAIT    69 KV   BK-1,LOAD,DAY,113791,TAIT ELECTRIC GENERATING STATION,MORAINE,OH,69,39.72811473100006,-84.21114805199994,100
40243403,ANNA    69 KV   ANNA,LOAD,DAY,147893,NORTH ANNA,MINERAL,VA,500,38.06129172100003,-77.79721628199997,100
44460871,FRIES   69 KV   FRIESHYD,GEN,AEP,148205,FRIES,FRIES,VA,69,36.71525957800003,-80.98805526799998,100
44460871,FRIES   69 KV   FRIESHYD,GEN,AEP,146771,DUMFRIES,DUMFRIES,VA,230,38.58730618300007,-77.30593510199998,76.92307692307692
44460895,RICHLND 138 KV  RP81,GEN,ATSI,157431,RICHLAND,DEFIANCE,OH,138,41.30386801900005,-84.33561606199999,98.33333333333333
44460895,RICHLND 138 KV  RP81,GEN,ATSI,113073,RICHLANDS,RICHLANDS,VA,138,37.09214044400005,-81.80664263799997,92.5
44460895,RICHLND 138 KV  RP81,GEN,ATSI,143959,RICHMOND,PHILADELPHIA,PA,230,39.984671872000035,-75.07733244399998,80.0
45565843,DANVILLE138 KV  DANVILLE,LOAD,AEP,147631,DANVILLE,DANVILLE,VA,138,36.61519785200005,-79.39643321999995,100
45565843,DANVILLE138 KV  DANVILLE,LOAD,AEP,146728,EAST DANVILLE,DANVILLE,VA,230,36.60368389400003,-79.34794619499996,76.19047619047619
51519915,LIBERTYC69 KV   BLUFFTON,LOAD,AEP,141293,BLUFFTON,BLUFFTON,IN,-999999,40.728923000000066,-85.17301799999996,100
63381389,COVERT  16 KV   1STG,GEN,AEP,154280,COVERT,SANDUSKY,OH,-999999,41.43854472700008,-82.69271301399993,100
63381389,COVERT  16 KV   1STG,GEN,AEP,147385,CLOVER,RANDOLPH,VA,500,36.86621143200006,-78.70654367999998,83.33333333333333
83734359,TANGY   69 KV   LOAD1,LOAD,ATSI,113662,TANGY,WESTERVILLE,OH,345,40.25913228100006,-83.08693986399999,100
1388606547,GARVER  21 KV   LOAD,LOAD,DEOK,147517,GROVER,CANTON TWP,PA,230,41.61550672300007,-76.84436271899995,83.33333333333333
93354073,STRYKER 138 KV  SP81,GEN,ATSI,114782,STRYKER,STRYKER,OH,138,41.502385762000074,-84.42956995699996,100
98370157,IRA     138 KV  TR1,LOAD,ATSI,151744,HIRAM,HIRAM,OH,-999999,41.31009086100005,-81.14211669299993,75.0
98370493,NILES   16 KV   UN1,GEN,ATSI,113300,NILES POWER PLANT,MCDONALD,OH,138,41.166109224000024,-80.74800825999995,100
98370493,NILES   16 KV   UN1,GEN,ATSI,176986,NILES,MC DONALD,OH,345,41.163796586000046,-80.74783692999995,100
32411415,GRANT   138 KV  T1,LOAD,AEP,153278,GRANT,MARION,IN,138,40.56116132200003,-85.71304135399998,100
112586195,BURGER  138 KV  EMDS,GEN,ATSI,113144,FIRSTENERGY R E BURGER,SHADYSIDE,OH,138,39.910536481000065,-80.76109935999995,100
123901011,PIONEER 69 KV   LD1,LOAD,ATSI,115239,PIONEER COOP HONDA,ANNA,OH,138,40.37241700000004,-84.19265699999994,100
123901011,PIONEER 69 KV   LD1,LOAD,ATSI,153613,GIVENS PIONEER COOP,URBANA,OH,138,40.061019800000054,-83.70834482499998,100
123901285,LOCUST  69 KV   LD3,LOAD,DEOK,123635,LOCUST RIDGE II LLC,WEST MAHANOY TWP,PA,69,40.82852775200007,-76.24215750599996,100
1183225618,LAKVEW  138 KV  M8,LOAD,ATSI,152436,LAKEVIEW,PORT CLINTON,OH,138,41.513715673000036,-82.91481752899995,90.71428571428571
135388745,BINGHAM 69 KV   LDTAYLOR,LOAD,ATSI,143953,BUCKINGHAM,FURLONG,PA,230,40.281362976000025,-75.06251640699998,82.35294117647058
1067161806,WAYMAN  138 KV  XT1,LOAD,AEP,160581,WAYMAN,MOUNDSVILLE,WV,138,39.934066321000046,-80.68459959699999,100
1075455337,OBERLIN 69 KV   LORAINLF,GEN,ATSI,152254,OBERLIN (OH),OBERLIN,OH,69,41.28359610800004,-82.21937280699996,100
1552831316,STONPLSW138 KV  STONE,LOAD,AEP,121512,STONE,HUDDY,KY,138,37.59222200000005,-82.26988499999999,100
34509177,AXTON,EHV,AEP,146986,AXTON,AXTON,VA,-999999,36.63514933600004,-79.70719375599998,100
34509177,AXTON,EHV,AEP,147028,AXTON,AXTON,VA,765,36.63455030700004,-79.70477890099994,100
1107281059,COREY   69 KV   3RIV,LOAD,AEP,128771,COREY,THREE RIVERS,MI,138,41.91719623400007,-85.68401751699997,100
1107284026,HAGAN   138 KV  M3 MID,LOAD,ATSI,152712,HAGAN,KENSINGTON,OH,138,40.730134167000074,-80.92424789299997,100
2156110160,HAGAR   69 KV   LOAD,LOAD,AEP,129482,HAGAR,BENTON HARBOR,MI,-999999,42.183052461000045,-86.38543329999999,100
2156109556,FIELDCRE138 KV  BOONE,LOAD,AEP,160610,BOONE,ASHFORD,WV,-999999,38.17386226900004,-81.71324600099996,100
1123174835,HUNT1   69 KV   LD_186,LOAD,EKPC,152318,HUNT,AKRON,OH,-999999,41.05032534800006,-81.49178983999997,88.88888888888889
1123175426,EMANUAL 69 KV   LD_186,LOAD,EKPC,153857,MANTUA,MANTUA,OH,-999999,41.28448375800008,-81.23601092699994,76.92307692307692
1123180536,TRACY   69 KV   WALBRISP,GEN,ATSI,148670,TRACY,WALBRIDGE,OH,138,41.59378140300004,-83.52729720399998,100
1132285222,PELFREY 69 KV   LD_183,LOAD,EKPC,160576,BELFRY,BELFRY,KY,46,37.62597957500003,-82.26677988199998,76.92307692307692
1183223766,CHERRYCR46 KV   SULLIVAN,LOAD,AEP,147783,SULLIVAN,BLUFF CITY,TN,500,36.44218485600004,-82.27951383299995,100
32410707,BRADLEY 46 KV   T1,LOAD,AEP,151748,BRADLEY,MOUNT HOPE,WV,138,37.869283868000025,-81.18754909699999,100
32411301,FOREST2 138 KV  T1,LOAD,AEP,146700,FOREST,FOREST,VA,138,37.363450768000064,-79.29310554499995,97.3076923076923
1218905958,FOREST3 69 KV   SUPPERSA,LOAD,AEP,147381,FOREST,RIDGWAY TWP,PA,230,41.449903352000035,-78.74231839899994,92.3076923076923
1218905958,FOREST3 69 KV   SUPPERSA,LOAD,AEP,146454,FORBES,PITTSBURGH,PA,-999999,40.43836321500004,-79.99358375999998,76.92307692307692
1218905961,UPPERSAN69 KV   HARPSTER,LOAD,AEP,158919,HARPSTER,HARPSTER,OH,-999999,40.72427391200006,-83.27484030399995,100
1218905972,DISMALRV69 KV   TURKEY,LOAD,AEP,160555,TURKEY PEN,VANSANT,VA,69,37.22516642800008,-82.12158537399995,80.0
1218908241,CARRIAGE69 KV   BELLEVUE,LOAD,ATSI,152429,BELLEVUE,BELLEVUE,OH,-999999,41.28333067900007,-82.83401675599998,100
1248984093,ELK     138 KV  T2,LOAD,AEP,154913,ELK GARDEN,LEBANON,VA,138,36.91476406100003,-81.99699100399994,100
1338423426,BOARDMAN69 KV   COLUMBIA,LOAD,ATSI,146592,COLUMBIA,BLOOMSBURG,PA,230,41.00232753000006,-76.50692611299996,100
1338423426,BOARDMAN69 KV   COLUMBIA,LOAD,ATSI,147553,COLUMBIA,COLUMBIA,VA,-999999,37.76092745300008,-78.17341752899995,100
1338423479,CHRYSLOE138 KV  NORTH LD,LOAD,ATSI,146455,NORTH,SHALER TWP,PA,138,40.54091106100003,-79.98960480599999,100
1348257100,WELLINGT69 KV   HOMER LD,LOAD,ATSI,152898,HOMER,HOMERVILLE,OH,-999999,41.03092724600003,-82.12257139099995,100
1348257101,WELLINGT69 KV   HANVILLE,LOAD,ATSI,154281,HANVILLE,NORTH FAIRFIELD,OH,-999999,41.115683733000026,-82.61245452299994,100
1356151996,JIMBRANC138 KV  YUKON,LOAD,AEP,146390,YUKON,WEST NEWTON,PA,500,40.20991266900006,-79.72461306599996,100
1356153533,AZALEA  138 KV  SS,LOAD,AEP,163647,AZALEA,DENNISON,OH,-999999,40.44936095600008,-81.22770501499997,100
1379256639,BERWIND 138 KV  NEWFARAD,LOAD,AEP,108907,BERWIND,WAR,WV,-999999,37.25626776100006,-81.64839057499995,100
1379257899,CLOUSE  69 KV   NLEXNGTN,LOAD,AEP,148191,CLUBHOUSE,EMPORIA,VA,230,36.71819514300006,-77.58499783899998,80.0
1388602682,LINCOLN234 KV   TILLMAN,LOAD,AEP,150520,TILLMAN,MONROEVILLE,IN,138,41.01999218000003,-84.86997032999994,100
1388602683,LINCOLN269 KV   DECATUR,LOAD,AEP,150510,DECATUR,DECATUR,IN,-999999,40.835187000000076,-84.93097399999994,100
1388603009,DOVER   69 KV   CDOVER,LOAD,AEP,152384,WEST DOVER,DOVER,OH,138,40.50826771200008,-81.56311637999994,100
1388603361,PHILO   138 KV  WPHILO,LOAD,AEP,153985,PHILO,PHILO,OH,138,39.86515329700006,-81.90371843499997,100
1388603361,PHILO   138 KV  WPHILO,LOAD,AEP,147807,PHILPOTT,BASSETT,VA,138,36.77607146100007,-80.02717068199996,81.92307692307692
1388606547,GARVER  21 KV   LOAD,LOAD,DEOK,147826,CARVER,RICHMOND,VA,-999999,37.55573234900004,-77.44835885399993,83.33333333333333
1439645860,GLENCOE 138 KV  T1,LOAD,AEP,116764,GLENCOE,BELMONT,OH,138,40.014621239000064,-80.89529307899994,100
1666104471,OTTAWA  69 KV   T1,LOAD,AEP,157238,WHIRLPOOL CORPORATION - OTTAWA WIND FARM,OTTAWA,OH,-999999,41.001264939000066,-84.03361707799996,100
1869180678,GABLESW 138 KV  BTM,LOAD,AEP,163637,GABLE,RAYLAND,OH,-999999,40.25478599400003,-80.75183813299998,83.33333333333333
1869183641,GROTON  138 KV  TR1,LOAD,ATSI,147923,GRAFTON,YORKTOWN,VA,230,37.14913923000006,-76.49849950299995,76.92307692307692
40243249,NEGLEY  138 KV  T1 LOAD,LOAD,AEP,151358,NEGLEY,NEGLEY,OH,-999999,40.78921658200005,-80.53267591399998,100
40243249,NEGLEY  138 KV  T1 LOAD,LOAD,AEP,152331,NEGLEY,CANTON,OH,138,40.77089127000005,-81.43837417199995,100
2156110449,WURNO   138 KV  T4,LOAD,AEP,147365,WURNO,DUBLIN,VA,138,37.074692550000066,-80.71740544799997,100
2156111870,SHIEHILL69 KV   TRAIL,LOAD,AEP,154011,TRAIL,DUNDEE,OH,-999999,40.59087354600007,-81.70573962899994,100
2156112369,SBENDAEP69 KV   COLFAX,LOAD,AEP,123074,COLFAX,SOUTH BEND,IN,-999999,41.67804313800008,-86.24651737499994,100
2156112375,BIXBY   138 KV  SKID,LOAD,AEP,152435,BIXBY,GROVEPORT,OH,345,39.871307708000074,-82.90024895199997,100
2156112400,ASHLAND 138 KV  T1_LOAD,LOAD,ATSI,137539,ASHLAND,CINCINNATI,OH,138,39.132485408000036,-84.48150429699996,100
2156112489,HARPER  138 KV  MOBILE,LOAD,AEP,150521,HARPER,NEW HAVEN,IN,138,41.08563960600003,-84.98893791799998,100
1869183601,HERBERT 69 KV   T1,LOAD,ATSI,121469,HARBERT,MOUSIE,KY,138,37.439476582000054,-83.04497292499997,85.71428571428571
106856815,CLIFFRD 138 KV  TR71,LOAD,ATSI,147664,CLIFFORD,MONROE,VA,138,37.69493354200006,-79.01210207999998,98.33333333333333
2156113059,SIFFORD 138 KV  RUBLE1,LOAD,AEP,147882,STAFFORD,STAFFORD,VA,230,38.44610158900008,-77.38919760199997,80.0
2156113109,SHANNON 138 KV  OP113,LOAD,AEP,147555,SHANNON HILL,KENTS STORE,VA,-999999,37.88256715000006,-78.04595555699996,100
2156113109,SHANNON 138 KV  OP113,LOAD,AEP,146616,MOSHANNON,FRENCHVILLE,PA,230,41.193737586000054,-78.25169367099994,87.5
2156113466,PAYNE   69 KV   PT1,LOAD,AEP,146123,WAYNE,WARREN,PA,230,41.83580372400007,-79.19075529499997,80.0
2156113466,PAYNE   69 KV   PT1,LOAD,AEP,146452,WAYNE,COCHRANTON,PA,345,41.51588408300006,-80.00972012699998,80.0
2156113466,PAYNE   69 KV   PT1,LOAD,AEP,155462,WAYNE,MONTICELLO,KY,161,36.78201011800007,-84.98575136999995,80.0
2156113717,HYATTCS 138 KV  T8,LOAD,AEP,152464,HYATT,POWELL,OH,345,40.21532591400006,-83.08938319599997,83.33333333333333
2156113717,HYATTCS 138 KV  T8,LOAD,AEP,152465,HYATT,POWELL,OH,345,40.21129915200004,-83.09218208199997,83.33333333333333
2156113872,WILLEY  138 KV  BK2,LOAD,DEOK,113644,WILLEY BATTERY UTILITY,HAMILTON,OH,138,39.28781576000006,-84.67968707999995,100
2156115352,YORK    69 KV   T1,LOAD,AEP,123450,DELTA YORK EC,DELTA,PA,500,39.73950739300005,-76.30500501499995,100
2156115352,YORK    69 KV   T1,LOAD,AEP,124870,YORK HAVEN,YORK HAVEN,PA,115,40.11347315200004,-76.71186133299994,100
2156115352,YORK    69 KV   T1,LOAD,AEP,125004,YORK COUNTY RESOURCE RECOVERY,YORK,PA,115,40.001262774000054,-76.71745826599994,100
2156117217,RAVENNA 69 KV   STREETLD,LOAD,ATSI,153848,RAVENNA,RAVENNA,OH,-999999,41.15446745200006,-81.24777033799995,100
2156117217,RAVENNA 69 KV   STREETLD,LOAD,ATSI,153867,WEST RAVENNA,KENT,OH,138,41.14123865600004,-81.30440755299998,100
2156118182,WRAVENNA69 KV   PROSPECT,LOAD,ATSI,153860,PROSPECT,RAVENNA,OH,-999999,41.12933434800004,-81.24534629099998,100
1348256560,MEDINA  69 KV   T3 LD,LOAD,ATSI,153969,MEDINA,MEDINA,OH,-999999,41.134615703000065,-81.85907405799998,100
5021136,CORNER  138 KV  T1,LOAD,AEP,147854,CRANES CORNER,FREDERICKSBURG,VA,230,38.35364279300006,-77.45586288199996,100
5021136,CORNER  138 KV  T1,LOAD,AEP,147933,BLOXOMS CORNER,HAMPTON,VA,115,37.06074010100008,-76.30026434999996,100
32411805,LAYLAND 69 KV   T1,LOAD,AEP,108862,LAYLAND,DANESE,WV,69,37.89920519000003,-80.96602042699999,100
119117897,KENTON  69 KV   BK1,LOAD,DEOK,153897,ENON,FAIRBORN,OH,69,39.83626660700003,-83.96832836399994,85.0
40243261,RABER   138 KV  T1 LOAD,LOAD,AEP,157765,RABER,COLUMBIA CITY,IN,138,41.10528304600007,-85.46531377299993,100
32410511,ALLOY   138 KV  LT21,LOAD,AEP,128945,ALLOY STEAM STATION,MONTGOMERY,WV,138,38.13666832900003,-81.27858922299998,100
32410571,BARODA  138 KV  T1,LOAD,AEP,148052,BRODNAX,BRODNAX,VA,115,36.734351426000046,-78.01111495699996,76.92307692307692
32410575,BEATTY  138 KV  T1,LOAD,AEP,113602,BEATTY,GROVE CITY,OH,345,39.862202952000075,-83.11855684399995,100
32410587,BECKHAM 138 KV  T1,LOAD,AEP,121473,BECKHAM,HINDMAN,KY,138,37.30773100000005,-82.93060599999995,100
32410675,BLAINE  138 KV  T1,LOAD,AEP,146409,BLAINE,ROCKY MOUNT,VA,138,37.05067776100003,-79.86572137099995,100
2156113254,LANE    69 KV   ALD,LOAD,AEP,150725,LANE,BLACKSBURG,VA,-999999,37.21014026800003,-80.42006470099994,100
32410679,BLENDON 138 KV  T1,LOAD,AEP,144375,GLENDON,GLENDON,PA,115,40.666349912000044,-75.23012039699995,85.71428571428571
32410691,BOLIVAR 138 KV  T1,LOAD,AEP,152330,BOLIVAR,BOLIVAR,OH,138,40.634999899000036,-81.45989046099999,100
32410697,BONSACK 138 KV  T1,LOAD,AEP,146412,BONSACK,ROANOKE,VA,138,37.33308426600007,-79.87011864199997,100
32410697,BONSACK 138 KV  T1,LOAD,AEP,144019,HOSENSACK,ZIONSVILLE,PA,500,40.45523123300006,-75.50392687099998,75.0
32410707,BRADLEY 46 KV   T1,LOAD,AEP,153847,BRADY,KENT,OH,-999999,41.15230754800007,-81.32634340099997,83.33333333333333
32410761,BULAN   69 KV   T1,LOAD,AEP,121489,BULAN,BULAN,KY,69,37.30209870400006,-83.16569375899996,100
32410769,CABELL  138 KV  T1,LOAD,AEP,146437,CAMPBELL,GROVE CITY,PA,138,41.14757808600007,-80.08080213199997,90.71428571428571
32410769,CABELL  138 KV  T1,LOAD,AEP,150401,CAMPBELL,CAMPBELL,OH,-999999,41.077840501000026,-80.60117112999995,85.71428571428571
32410791,CALVERT 138 KV  T1,LOAD,AEP,122733,CALVERT,SOUTH BEND,IN,138,41.655476848000035,-86.29297209499998,100
32410837,CATAWBA 34 KV   MASONCRE,LOAD,AEP,147331,CATAWBA,ROANOKE,VA,138,37.331915449000064,-80.02633097799998,100
32410837,CATAWBA 34 KV   MASONCRE,LOAD,AEP,148641,CATAWBA ISLAND,PORT CLINTON,OH,-999999,41.57803288800005,-82.84375034899995,100
32411015,CURRY   138 KV  T1,LOAD,AEP,147921,SURRY,SURRY,VA,500,37.16202032700005,-76.69477726099996,80.0
32411015,CURRY   138 KV  T1,LOAD,AEP,108891,URY,HELEN,WV,-999999,37.655800673000044,-81.31244814199994,75.0
32411113,DIAMOND 138 KV  T1,LOAD,AEP,147088,DIAMOND SPRINGS,VIRGINIA BEACH,VA,-999999,36.88616883900005,-76.18336999799999,100
32411115,DICKENS 138 KV  T1,LOAD,AEP,152271,DICKENS,CASTLEWOOD,VA,138,36.84326456500003,-82.22726173399997,100
32411117,DINGESS 138 KV  T1,LOAD,AEP,148697,INGLES ST,RADFORD,VA,138,37.117043840000065,-80.59313942199998,80.0
32411121,DORTON  138 KV  T1,LOAD,AEP,121528,DORTON,JENKINS,KY,138,37.23927900000007,-82.56943099999995,100
32411121,DORTON  138 KV  T1,LOAD,AEP,144037,MORTON,SPRINGFIELD TWP,PA,230,39.90713965400005,-75.33682202799997,83.33333333333333
32411121,DORTON  138 KV  T1,LOAD,AEP,155003,NORTON,NORTON,OH,-999999,41.01179739100007,-81.64636381499997,83.33333333333333
32411167,EGE     138 KV  T1,LOAD,AEP,122657,EGE,AVILLA,IN,138,41.314758623000046,-85.31232879299995,100
2156113196,JARRETT 138 KV  T1,LOAD,AEP,144012,JARRETT,HORSHAM TWP,PA,230,40.18900216800006,-75.16368651899995,100
1388602469,GARY    138 KV  T1,LOAD,AEP,108895,GARY,WELCH,WV,-999999,37.370445680000046,-81.54568580099993,100
32411381,GERMAN  138 KV  T1,LOAD,AEP,122731,GERMAN,SOUTH BEND,IN,138,41.71530701300003,-86.29473143899997,100
32411403,GOMINGO 138 KV  T1,LOAD,AEP,147440,GOMINGO,MADISON HEIGHTS,VA,138,37.42663252800003,-79.08461771999998,100
32411409,GRABILL 138 KV  T1,LOAD,AEP,150522,GRABILL,GRABILL,IN,138,41.19407811100007,-84.97303216099994,100
32411413,GRANGER 138 KV  T1,LOAD,AEP,123173,LAGRANGE,LAGRANGE,IN,138,41.636333498000056,-85.41173586199994,85.0
32411415,GRANT   138 KV  T1,LOAD,AEP,108766,GRANT TOWN POWER PLANT,RIVESVILLE,WV,138,39.56381294500005,-80.16347343099994,100
32411461,HALL    138 KV  T1,LOAD,AEP,147947,OAK HALL,OAK HALL,VA,138,37.94334066600004,-75.57043579399993,100
32411461,HALL    138 KV  T1,LOAD,AEP,154294,HILL,FORT BLACKMORE,VA,138,36.72236028800006,-82.63475530599999,80.0
32411469,HANCOCK 34 KV   GE1,LOAD,AEP,147789,HANCOCK,SALEM,VA,138,37.267446422000035,-80.02305440799995,100
32411565,HINTON  138 KV  T1,LOAD,AEP,108855,HINTON (AP),HINTON,WV,138,37.653425438000056,-80.85272967199995,100
32411565,HINTON  138 KV  T1,LOAD,AEP,143949,LINTON,NEWTOWN,PA,230,40.242925901000035,-74.92550151899997,83.33333333333333
32412927,VINTON  138 KV  T1,LOAD,AEP,146410,VINTON,VINTON,VA,138,37.268299246000026,-79.86295505499999,100
32411589,HOPKINS 138 KV  T1,LOAD,AEP,108929,HOPKINS,DANVILLE,WV,138,38.088881350000065,-81.84937439799995,100
32411603,HUFFMAN 138 KV  T1,LOAD,AEP,147363,HUFFMAN,HILLSVILLE,VA,138,36.777301141000066,-80.71930200999998,100
32411685,ITMANN  138 KV  T1,LOAD,AEP,130388,ITMANN,MULLENS,WV,138,37.57765055700003,-81.43483860899994,100
1869182866,RITTMAN 69 KV   T1,LOAD,ATSI,153974,RITTMAN,RITTMAN,OH,-999999,40.96587717300008,-81.79030260799999,100
32411743,KENOVA  138 KV  T7,LOAD,AEP,124103,KENOVA,KENOVA,WV,138,38.40238241600008,-82.59003042699999,100
32411759,KIRK    138 KV  T1,LOAD,AEP,154283,KIRK,PATASKALA,OH,345,39.991241341000034,-82.64805052899999,100
32411763,KLINE   138 KV  T1,LOAD,AEP,124998,KLINE TOWNSHIP COGEN FACILITY,MCADOO,PA,69,40.87305795200007,-75.99347512799994,100
32411769,KUMIS   138 KV  T1,LOAD,AEP,147794,KUMIS,SALEM,VA,138,37.23690882000005,-80.17753990999995,100
32411791,LAOTTO  138 KV  T1,LOAD,AEP,158423,LAOTTO,LAOTTO,IN,138,41.278643095000064,-85.22291171699999,100
32411807,LEBANON 138 KV  T1,LOAD,AEP,154596,LEBANON,LEBANON,VA,138,36.922644931000036,-82.07051378699998,100
32411851,LOVELY  138 KV  T1,LOAD,AEP,121357,LOVELY,LOVELY,KY,138,37.820267294000075,-82.40027843799999,100
32411883,MARION2 138 KV  T4,LOAD,AEP,152437,MARION,COLUMBUS,OH,138,39.92233884800004,-82.97151186799994,97.3076923076923
32411883,MARION2 138 KV  T4,LOAD,AEP,153664,MARION,FINDLAY,OH,-999999,41.05902710500004,-83.58606511099998,92.3076923076923
2156116031,MARVIN  69 KV   CNXGAS,LOAD,AEP,160560,MARVIN,OAKWOOD,VA,69,37.17085810100008,-81.97478254499998,100
32411895,MARTIN  46 KV   T1,LOAD,AEP,123713,TALENENERGY MARTIN CREEK LLC ALLENTOWN,ALLENTOWN,PA,138,40.607922332000044,-75.45621303599995,100
32411895,MARTIN  46 KV   T1,LOAD,AEP,129926,FIRSTENERGY FORT MARTIN POWER STATION,MORGANTOWN,WV,138,39.71060001600006,-79.92618282499996,100
32411895,MARTIN  46 KV   T1,LOAD,AEP,146435,FORT MARTIN,DILLINER,WV,500,39.71802127600006,-79.93357996699996,100
32411953,MELROSE 69 KV   T1,LOAD,AEP,153661,WEST MELROSE,FINDLAY,OH,-999999,41.06623843800003,-83.65935776099997,100
32411965,MIER    138 KV  T2,LOAD,AEP,151017,MOSIER,GIRARD,OH,-999999,41.141439716000036,-80.69197989599996,80.0
32411967,MIFFLIN 138 KV  T1,LOAD,AEP,146460,WEST MIFFLIN,JEFFERSON HILLS,PA,138,40.31590418300004,-79.90876695999998,100
32412009,MONEL   138 KV  T1,LOAD,AEP,147439,MONEL,MADISON HEIGHTS,VA,138,37.45648547800005,-79.12426126999998,100
32412011,MONETA  138 KV  T1,LOAD,AEP,146988,MONETA,MONETA,VA,138,37.19526387800005,-79.61744947099999,100
98370175,MOOREOE 138 KV  TR1,LOAD,ATSI,116659,MOORE,CLIFTON,VA,230,38.76755395600003,-77.37500477699996,83.33333333333333
98370175,MOOREOE 138 KV  TR1,LOAD,ATSI,152382,MOORE,AKRON,OH,138,40.98794515000003,-81.51294620499993,88.33333333333333
32412031,MOSELEY 12 KV   LOAD,LOAD,AEP,146989,MOSELEY,BEDFORD,VA,138,37.352329388000044,-79.56578352599996,100
32412035,MOUND   138 KV  T1,LOAD,AEP,132543,OAK MOUND,CLARKSBURG,WV,138,39.265185006000024,-80.36452941299996,100
32412053,MULLENS 138 KV  T4,LOAD,AEP,146780,DULLES,HERNDON,VA,230,38.94537623400004,-77.43175954499998,76.92307692307692
32412201,OREBANK 138 KV  T1,LOAD,AEP,151058,OREBANK,KINGSPORT,TN,138,36.563642697000034,-82.46324300499998,100
32412229,PATRIOT 138 KV  T1,LOAD,AEP,166936,PANDA PATRIOT GENERATION PLANT,CLINTON TWP,PA,230,41.17933334400004,-76.83878172799996,100
32412239,PENHOOK 138 KV  T1,LOAD,AEP,146987,PENHOOK,PENHOOK,VA,138,36.978848407000044,-79.61653232199996,100
32412297,PRINCE  69 KV   T1,LOAD,AEP,116773,PRINCE WILLIAM DP,MANASSAS,VA,230,38.74964876000007,-77.47438745599999,100
32412297,PRINCE  69 KV   T1,LOAD,AEP,127506,PRINCE,LANCASTER,PA,138,40.04692784000008,-76.30884765499997,100
32412297,PRINCE  69 KV   T1,LOAD,AEP,160678,PRICE,UNION CITY,IN,69,40.18654686900004,-84.86267519599994,95.9090909090909
32412301,PROMWAY 138 KV  T1,LOAD,AEP,152310,PROMWAY,NORTH CANTON,OH,-999999,40.87543841300004,-81.42630009799996,100
32412311,RAGLAND 138 KV  T1,LOAD,AEP,108912,RAGLAND,RAGLAND,WV,138,37.69927318500004,-82.12452969499998,100
32412367,RIPLEY  69 KV   T1,LOAD,AEP,108813,RIPLEY,RIPLEY,WV,-999999,38.81291857200006,-81.71174698899995,100
32412367,RIPLEY  69 KV   T1,LOAD,AEP,137213,RIPLEY,SHREVE,OH,-999999,40.62425181300006,-82.02434812699994,100
2156110825,RIPPLE  69 KV   T1,LOAD,AEP,173183,RIPPLE,THREE RIVERS,MI,-999999,41.93366918800007,-85.63202754099996,100
32412457,RUSSEL  69 KV   T1,LOAD,AEP,121313,RUSSELL,FLATWOODS,KY,138,38.50334300000003,-82.71566599999994,92.3076923076923
32412461,RUTH    138 KV  T1,LOAD,AEP,108953,RUTH,CHARLESTON,WV,138,38.303891416000056,-81.74288943899995,100
32412497,SBUTLER 345 KV  T1,LOAD,AEP,146426,BUTLER,BUTLER,PA,138,40.857921558000044,-79.87919871199995,92.3076923076923
32412497,SBUTLER 345 KV  T1,LOAD,AEP,160613,BUTLER,BUTLER,IN,138,41.423825848000035,-84.88186280899998,92.3076923076923
32412597,SKIMMER 69 KV   T3,LOAD,AEP,146695,SKIMMER,BIG ISLAND,VA,115,37.52011721300005,-79.35164297299997,100
119117893,KEMPER  138 KV  BK1,LOAD,DEOK,121516,KIMPER,KIMPER,KY,69,37.500148384000056,-82.35386541099996,83.33333333333333
32412627,SMYTH   138 KV  T1,LOAD,AEP,150718,SMITH,SMITH TWP,PA,-999999,40.40133627100005,-80.40507044099996,80.0
32412685,STARKEY 138 KV  T1,LOAD,AEP,147335,STARKEY,ROANOKE,VA,138,37.21172207700005,-79.98723539799994,100
32412723,STONE   138 KV  T1,LOAD,AEP,129524,STONE LAKE,CASSOPOLIS,MI,69,41.902892293000036,-86.01169226899998,100
32412723,STONE   138 KV  T1,LOAD,AEP,147944,WHITE STONE,WHITE STONE,VA,115,37.64880296500007,-76.39830011899994,100
32412773,SUMMIT  138 KV  T1,LOAD,AEP,112816,SUMMIT STREET POWER PLANT,KENT,OH,-999999,41.142706592000025,-81.34106559399999,100
32412801,TAYLOR2 138 KV  T1,LOAD,AEP,151672,TAYLOR,REYNOLDSBURG,OH,138,39.97628508300005,-82.76792520599997,97.3076923076923
32412825,THAYER  138 KV  T1,LOAD,AEP,153910,THAYER ROAD,LIMA,OH,138,40.74526464000007,-84.01285540199996,100
32412847,TIMKEN  138 KV  T1,LOAD,AEP,112927,TIMKEN MERCY,CANTON,OH,69,40.817021675000035,-81.39583068799999,100
32412847,TIMKEN  138 KV  T1,LOAD,AEP,152323,TIMKEN RICHVILLE,CANTON,OH,-999999,40.75807857600006,-81.43458028199996,100
32412853,TOPMOST 138 KV  T1,LOAD,AEP,121471,TOPMOST,TOPMOST,KY,138,37.35801236400005,-82.80797340699996,100
32412855,TORREY  138 KV  T1,LOAD,AEP,152325,TORREY,CANTON,OH,138,40.76296820500005,-81.41307344699999,100
32412863,TRABUE  138 KV  T1,LOAD,AEP,146370,TRABUE,MIDLOTHIAN,VA,230,37.507266506000065,-77.62899296499995,100
40243685,TREATY  69 KV   BK-3,LOAD,DAY,153873,TREAT,AURORA,OH,-999999,41.34096558600004,-81.34776852199997,90.9090909090909
32412875,TRIER   138 KV  T1,LOAD,AEP,150518,TRIER,FORT WAYNE,IN,138,41.11341027000003,-85.07009468999996,100
32412917,VICCO   138 KV  T1,LOAD,AEP,121474,VICCO,SASSAFRAS,KY,138,37.228045000000066,-83.04526699999997,100
32412919,VICKER  138 KV  T1,LOAD,AEP,148719,VICKER,CHRISTIANSBURG,VA,138,37.165246644000035,-80.44405860599994,100
32412927,VINTON  138 KV  T1,LOAD,AEP,146694,EVINGTON,EVINGTON,VA,115,37.24017235700006,-79.30200924099995,85.71428571428571
32412947,WASENA  69 KV   T1,LOAD,AEP,146457,ARSENAL,PITTSBURGH,PA,-999999,40.462593851000065,-79.96164802999994,76.92307692307692
32412973,WAYVIEW 138 KV  T1,LOAD,AEP,152329,WAYVIEW,NORTH CANTON,OH,-999999,40.88885088500007,-81.43023544099998,100
32412973,WAYVIEW 138 KV  T1,LOAD,AEP,121581,BAYVIEW,CAPE CHARLES,VA,69,37.27162161000007,-75.96784376399995,85.71428571428571
32412997,WELCH   138 KV  T1,LOAD,AEP,108897,WELCH,WELCH,WV,138,37.44067890000008,-81.59183391999994,100
32412997,WELCH   138 KV  T1,LOAD,AEP,146907,WELCO,SOUTH BOSTON,VA,115,36.67196559100006,-78.92009335099993,80.0
32413011,WHARTON 138 KV  T1T2T3,LOAD,AEP,147935,WHEALTON,HAMPTON,VA,230,37.03074178300005,-76.43134134999997,80.0
32413011,WHARTON 138 KV  T1T2T3,LOAD,AEP,144014,HEATON,UPPER MORELAND TWP,PA,230,40.15972562200005,-75.11772645299999,76.92307692307692
32413013,WHEBRON 138 KV  T1,LOAD,AEP,130558,HEBRON,HEBRON,KY,138,39.09068929000006,-84.72923828299997,97.3076923076923
32413093,WSALEM  138 KV  T1,LOAD,AEP,151778,SALEM,SALEM,OH,-999999,40.89120877700003,-80.85623426299998,90.9090909090909
98370183,NASA    138 KV  TR1,LOAD,ATSI,147924,NASA,HAMPTON,VA,115,37.09336742100004,-76.38503462999995,100
32414793,AETNA   23 KV   A,LOAD,ATSI,137183,AETNA,AKRON,OH,138,41.08972559400007,-81.51884194899998,100
32414805,BABB    23 KV   A,LOAD,ATSI,152361,BABB,AKRON,OH,138,41.11562038400007,-81.52713755599996,100
1348257155,ABBE    69 KV   T1 LD,LOAD,ATSI,154591,ABBE,ELYRIA,OH,-999999,41.36989900000003,-82.07719199999997,100
32414879,DARROW  69 KV   B,LOAD,ATSI,152326,DARROW,HUDSON,OH,138,41.20991949200004,-81.43423233099998,100
32415003,IVY     34 KV   C,LOAD,ATSI,146690,IVY HILL,LYNCHBURG,VA,138,37.42575300900006,-79.29093032799994,100
32415045,KNOX    69 KV   LOAD,LOAD,ATSI,117032,KNOX COAL CREEK,RAVEN,VA,69,37.149241450000034,-81.89824225299998,100
32415045,KNOX    69 KV   LOAD,LOAD,ATSI,152845,KNOX,MINERVA,OH,138,40.80770804700006,-81.03651237899999,100
32415239,URBAN   23 KV   A,LOAD,ATSI,152356,URBAN,AKRON,OH,138,41.07416978500004,-81.53231095999996,100
98370261,URBAN   138 KV  TR2,LOAD,ATSI,113664,URBANA,URBANA,OH,138,40.07087103600003,-83.78855795099997,95.9090909090909
32418329,BUCK    13 KV   BK1,GEN,AEP,121139,BUCK HYDRO,IVANHOE,VA,-999999,36.80809818200004,-80.93872681499994,100
32418343,CLAYTOR 11 KV   CL1,GEN,AEP,121138,CLAYTOR,RADFORD,VA,-999999,37.074673638000036,-80.58412392199995,100
32418343,CLAYTOR 11 KV   CL1,GEN,AEP,148698,NORTH CLAYTOR,RADFORD,VA,138,37.123261798000044,-80.53026735999998,100
32418343,CLAYTOR 11 KV   CL1,GEN,AEP,150378,CLAYTOR,RADFORD,VA,138,37.07236378300007,-80.58238534399999,100
32418503,RACINE  8 KV    RA1,GEN,AEP,148186,RACINE HYDRO,RACINE,OH,69,38.91559916400007,-81.90693977899997,100
32419345,RPMONE  18 KV   1,GEN,AEP,150509,R.P.MONE,CONVOY,OH,345,40.92851943000005,-84.73918629599996,85.71428571428571
34509181,BROADFORD,EHV,AEP,153211,BROADFORD (138 KV),SALTVILLE,VA,138,36.92073876500007,-81.68295248099997,100
34509181,BROADFORD,EHV,AEP,155015,BROADFORD (765 KV),SALTVILLE,VA,765,36.92167698000003,-81.67964532799994,100
34509181,BROADFORD,EHV,AEP,146507,BRADFORD,EAST BRADFORD TWP,PA,230,39.96869398900003,-75.66490011599996,94.11764705882354
34509183,CLOVERDALE,EHV,AEP,147329,CLOVERDALE,TROUTVILLE,VA,345,37.38126233200006,-79.89768418599994,100
34509183,CLOVERDALE,EHV,AEP,147356,CLOVERDALE 765KV,CLOVERDALE,VA,765,37.374471166000035,-79.90058705999996,100
34509183,CLOVERDALE,EHV,AEP,161185,CLOVERDALE EAST,TROUTVILLE,VA,500,37.37583480100005,-79.89384029899998,100
34509187,CULLODEN,EHV,AEP,152870,CULLODEN,CULLODEN,WV,765,38.41464657800003,-82.08022733899998,100
34509189,DUMONT,EHV,AEP,144378,BUXMONT,SELLERSVILLE,PA,230,40.34840791400006,-75.34120731999997,76.92307692307692
34509191,GAVIN,EHV,AEP,137221,"GAVIN POWER, LLC",CHESHIRE,OH,138,38.93352643400004,-82.11631866099998,100
34509191,GAVIN,EHV,AEP,152869,GAVIN,CHESHIRE,OH,765,38.94128800000004,-82.12000899999998,100
34509193,HANGING ROCK,EHV,AEP,113593,HANGING ROCK ENERGY FACILITY,IRONTON,OH,765,38.573015000000055,-82.78183999999999,100
34509193,HANGING ROCK,EHV,AEP,151644,HANGING ROCK,IRONTON,OH,765,38.56901800000003,-82.77419099999997,100
34509195,JACKSONS FERRY,EHV,AEP,154233,JACKSONS FERRY,MAX MEADOWS,VA,765,36.87916219500005,-80.82317025399999,100
34509195,JACKSONS FERRY,EHV,AEP,154234,JACKSONS FERRY,MAX MEADOWS,VA,138,36.87703296300003,-80.82571772399996,100
34509197,JEFFERSON,EHV,AEP,146199,JEFFERSON STREET,ALEXANDRIA,VA,230,38.797078000000056,-77.05484794099993,100
34509199,JOSHUA FALLS,EHV,AEP,124954,FALLS,MORRISVILLE,PA,138,40.177031234000026,-74.78970302699997,100
34509199,JOSHUA FALLS,EHV,AEP,147441,JOSHUA FALLS,MADISON HEIGHTS,VA,138,37.40639887100008,-79.07704308299998,100
34509199,JOSHUA FALLS,EHV,AEP,147470,JOSHUA FALLS,TROUTVILLE,VA,765,37.42539439400008,-79.03621226499996,100
34509201,KAMMER,EHV,AEP,108771,KAMMER (138KV),MOUNDSVILLE,WV,345,39.84239936800003,-80.81853670099997,100
34509201,KAMMER,EHV,AEP,132679,KAMMER (345KV),MOUNDSVILLE,WV,345,39.842990565000036,-80.82078936599999,100
34509201,KAMMER,EHV,AEP,151797,KAMMER (765KV),MOUNDSVILLE,WV,765,39.83345265100007,-80.80600003599994,100
34509203,MARQUIS,EHV,AEP,152433,DON MARQUIS,PIKETON,OH,345,39.02174213500007,-83.00797870399998,100
34509203,MARQUIS,EHV,AEP,152434,DON MARQUIS 765 KV,PIKETON,OH,765,39.02233672300008,-83.01075480299994,100
34509205,MARYSVILLE,EHV,AEP,153605,MARYSVILLE,MARYSVILLE,OH,765,40.332749000000035,-83.43045799999999,100
34509205,MARYSVILLE,EHV,AEP,152463,DARBYVILLE,DARBYVILLE,OH,69,39.69608968500006,-83.11230925599995,80.0
34509205,MARYSVILLE,EHV,AEP,147897,MORRISVILLE,SUMERDUCK,VA,500,38.50108791800005,-77.70878873599997,76.19047619047619
34509207,MOUNTAINEER,EHV,AEP,130358,MOUNTAINEER WIND ENERGY CENTER,THOMAS,WV,-999999,39.18451196900003,-79.53524511299997,100
34509207,MOUNTAINEER,EHV,AEP,154883,MOUNTAINTEER,LETART,WV,765,38.975931770000045,-81.94252187399997,95.65217391304348
34509207,MOUNTAINEER,EHV,AEP,154239,PETERS MOUNTAIN,NARROWS,VA,138,37.37210044200003,-80.79814557699996,84.61538461538461
34509209,NORTH PROCTORVILLE,EHV,AEP,137837,NORTH PROCTORVILLE SUBSTATION,PROCTORVILLE,OH,765,38.477506479000056,-82.39555077499995,100
34509209,NORTH PROCTORVILLE,EHV,AEP,113700,EAST PROCTORVILLE,PROCTORVILLE,OH,138,38.44633763100006,-82.36728210999996,82.75862068965517
34509213,ROCKPORT,EHV,AEP,153911,ROCKPORT,COLUMBUS GROVE,OH,138,40.875666659000046,-84.01632441799995,100
34509213,ROCKPORT,EHV,AEP,153912,ROCKPORT,COLUMBUS GROVE,OH,138,40.87570842800005,-84.01326511199994,100
34509215,SOUTH CANTON,EHV,AEP,152306,SOUTH CANTON 138KV,CANTON,OH,138,40.72133910900004,-81.41651355499994,100
34509215,SOUTH CANTON,EHV,AEP,152307,SOUTH CANTON 765KV,EAST SPARTA,OH,765,40.71566634700008,-81.41615562199996,100
34509215,SOUTH CANTON,EHV,AEP,152324,SOUTH CANTON 345KV,CANTON,OH,345,40.71991056300004,-81.41633793299997,100
34509219,WYOMING,EHV,AEP,154971,WYOMING,CLEAR FORK,WV,765,37.65794086900007,-81.67759428699998,100
34509219,WYOMING,EHV,AEP,147519,LYCOMING,SOUTH WILLIAMSPORT,PA,230,41.22164385100007,-77.01743345999995,80.0
35084667,NAGELAEP,EHV,AEP,154285,NAGEL,CHURCH HILL,TN,500,36.59059019100005,-82.69600229799994,76.92307692307692
35084669,FLATLICK,EHV,AEP,152730,FLATLICK,WILKESVILLE,OH,765,39.08514424100008,-82.33129100999997,100
40243253,DUBLIN  138 KV  T1 LOAD,LOAD,AEP,152368,DUBLIN,MASSILLON,OH,-999999,40.81589832100008,-81.58212852199995,100
40243425,BOTKINS 69 KV   BK-1,LOAD,DAY,148195,BOYKINS,BOYKINS,VA,230,36.60044680300007,-77.19368155599994,85.71428571428571
40243445,CELINA  69 KV   CEL 1,LOAD,DAY,173455,"CELINA SOLAR PROJECT #1, LLC",CELINA,OH,-999999,40.54336114700004,-84.59089592299995,100
40243517,HARRISON69 KV   HARRISON,LOAD,DAY,116775,HARRISON,CENTREVILLE,VA,115,38.81146882500008,-77.45130041899995,100
40243517,HARRISON69 KV   HARRISON,LOAD,DAY,150582,HARRISON,SHINNSTON,WV,500,39.38029667400008,-80.33181759599995,100
40243517,HARRISON69 KV   HARRISON,LOAD,DAY,113805,HARRISON,LOCKBOURNE,OH,138,39.80020155100004,-82.98943246799996,100
40243581,LIBERTY 69 KV   BK-1,LOAD,DAY,125184,LIBERTY ELECTRIC POWER PLANT,CRUM LYNNE,PA,230,39.86138523500006,-75.33440736499995,100
40243581,LIBERTY 69 KV   BK-1,LOAD,DAY,144122,PANDA LIBERTY GENERATION PLANT,ASYLUM TWP,PA,230,41.765700464000076,-76.38831959099997,100
40243581,LIBERTY 69 KV   BK-1,LOAD,DAY,160641,LIBERTY CENTER,LIBERTY CENTER,IN,-999999,40.69755974100008,-85.28471294699995,100
40243587,MACEDON 69 KV   MARATHON,LOAD,DAY,152373,MACEDONIA,NORTHFIELD,OH,-999999,41.314567098000055,-81.52401347799997,87.5
2156112898,WAGENHAL69 KV   MAHONING,LOAD,AEP,150355,MAHONING,NEW SPRINGFIELD,OH,-999999,40.91697578900005,-80.57682622599998,100
40243615,MINSTER 69 KV   LOAD,LOAD,DAY,156346,HMV MINSTER ENERGY STORAGE SYSTEM,MINSTER,OH,-999999,40.39862984900003,-84.38651052099993,100
40243615,MINSTER 69 KV   LOAD,LOAD,DAY,143945,WARMINSTER,WARMINSTER,PA,230,40.19376102000007,-75.09216646399994,82.35294117647058
40243615,MINSTER 69 KV   LOAD,LOAD,DAY,144031,MASTER,PHILADELPHIA,PA,230,39.979437078000046,-75.18816451599997,76.92307692307692
41935423,HOCKING 138 KV  T1,LOAD,AEP,160677,ANCHOR HOCKING,WINCHESTER,IN,69,40.17349933300005,-84.97156408999996,100
48933999,MORELAND138 KV  MORELAND,LOAD,AEP,153968,MORELAND,WOOSTER,OH,-999999,40.71072287100003,-81.89212059799996,100
48934089,TEXAS E 69 KV   TEXAS E,LOAD,DAY,147022,TEXAS EASTERN 5,LEMONT FURNACE,PA,138,39.92995403100008,-79.67066258399996,83.33333333333333
48934089,TEXAS E 69 KV   TEXAS E,LOAD,DAY,155777,TEXAS EASTERN,GUILFORD TWP,PA,138,39.891090674000054,-77.67992587599997,83.33333333333333
53048721,ROZELLE 138 KV  T1,LOAD,AEP,137538,ROCHELLE,CINCINNATI,OH,138,39.13455974500005,-84.51012501399998,85.0
57967549,WESTAR  138 KV  LOAD1,LOAD,AEP,146399,WESTRAVER,WEST NEWTON,PA,138,40.193947999000045,-79.77130144999995,85.0
57967549,WESTAR  138 KV  LOAD1,LOAD,AEP,154007,STAR,WADSWORTH,OH,345,41.010952866000025,-81.69759515399994,80.0
1084384000,SANDERSO138 KV  WEBSTER,LOAD,AEP,112891,WEBSTER,DAYTON,OH,138,39.792993065000076,-84.17779868499997,100
61482253,OTTER   138 KV  LOAD1,LOAD,AEP,146591,OTTER CREEK,BROGUE,PA,230,39.86442866300007,-76.45382947899998,100
61482253,OTTER   138 KV  LOAD1,LOAD,AEP,146691,OTTER RIVER,HURT,VA,115,37.05422683100005,-79.25305613699999,100
61482253,OTTER   138 KV  LOAD1,LOAD,AEP,146693,OTTER,ALTAVISTA,VA,138,37.14295547800003,-79.28041261199996,100
93353447,SATURN  138 KV  INDIANCR,LOAD,AEP,122643,SATURN,COLUMBIA CITY,IN,138,41.06235703900006,-85.37396909299997,100
93353553,02FREY  138 KV  TR1,LOAD,ATSI,148672,FREY,NORTHWOOD,OH,138,41.59010941200006,-83.44970844799997,85.0
93353607,02LARK  138 KV  TR71,LOAD,ATSI,148686,LARK,MAYFIELD VILLAGE,OH,138,41.53962406100004,-81.44699624099997,85.0
93353777,HICKRY  138 KV  TR71,LOAD,ATSI,147040,HICKORY,CHESAPEAKE,VA,230,36.64364792300006,-76.23691794299998,92.3076923076923
93353803,KEITH   138 KV  TR71,LOAD,ATSI,152386,KEITH,WARRENSVILLE HEIGHTS,OH,138,41.437690684000074,-81.49588432299998,100
93353807,KELLY   138 KV  TR71,LOAD,ATSI,137112,KELLY,WARRENSVILLE HEIGHTS,OH,-999999,41.42854154400004,-81.53774922099996,100
93353807,KELLY   138 KV  TR71,LOAD,ATSI,160612,KELLY CREEK,BLOUNT,WV,69,38.26657980500005,-81.37223706699996,100
93353819,KEPLER  138 KV  TR71,LOAD,ATSI,152337,KEPLER,LYNDHURST,OH,138,41.500330864000034,-81.47981717399995,100
93353827,LAMONT  138 KV  TR71,LOAD,ATSI,146336,ELMONT,GLEN ALLEN,VA,500,37.69779580000005,-77.48471146699995,83.33333333333333
93353827,LAMONT  138 KV  TR71,LOAD,ATSI,151012,BELMONT,YOUNGSTOWN,OH,-999999,41.10530269100008,-80.65597869599998,76.92307692307692
93353827,LAMONT  138 KV  TR71,LOAD,ATSI,153839,BELMONT,SAINT MARYS,WV,765,39.34476495200005,-81.30863969199999,76.92307692307692
93353833,LESTER  138 KV  TR71,LOAD,ATSI,152339,LESTER,SOLON,OH,138,41.39520158000005,-81.45515077099998,100
93353833,LESTER  138 KV  TR71,LOAD,ATSI,146436,KEISTER,SLIPPERY ROCK,PA,138,41.05941825700006,-80.03268005699994,81.92307692307692
98369931,MINERD1 138 KV  COAVILL,LOAD,AEP,146362,MINE ROAD,FREDERICKSBURG,VA,115,38.250285904000066,-77.47591398399999,75.0
98370039,BRIGTN  138 KV  LD1,LOAD,ATSI,147330,BURLINGTON,ROANOKE,VA,138,37.36126086500008,-79.96992234499999,80.0
98370063,CLAYOE  138 KV  TR1,LOAD,ATSI,146517,CLAY,FRANKLIN TWP,PA,230,39.76307258800006,-75.82636031599998,80.0
98370097,EPWORTH 138 KV  TR1,LOAD,ATSI,151774,ELLSWORTH,CANFIELD,OH,-999999,41.02009255300004,-80.85789973799996,75.0
98370101,EVANSOE 138 KV  TR1,LOAD,ATSI,152327,EVANS,AKRON,OH,138,41.094142318000024,-81.47387975299995,88.33333333333333
98370175,MOOREOE 138 KV  TR1,LOAD,ATSI,144634,MONROE,MONROE,MI,120,41.91938996700003,-83.38577659899994,76.92307692307692
2156115392,SAPPHISW138 KV  NUCOR,LOAD,AEP,154110,NUCOR,CRAWFORDSVILLE,IN,345,39.97213947700004,-86.83174591899996,100
98370233,RYAN    138 KV  TR1,LOAD,ATSI,153975,RYAN,MEDINA,OH,-999999,41.119989221000026,-81.86602460999995,100
98370239,SHALERS 138 KV  TR1,LOAD,ATSI,153955,SHARPLES,YOLYN,WV,-999999,37.905770577000055,-81.84151505299997,80.0
98370245,STONEY  138 KV  TR1,LOAD,ATSI,154006,STONEY,HINCKLEY,OH,-999999,41.22625313200007,-81.77346179899996,100
98370245,STONEY  138 KV  TR1,LOAD,ATSI,152378,STONER,AKRON,OH,-999999,41.07673316100005,-81.57006223099995,83.33333333333333
98370257,TUSC    138 KV  TR2,LOAD,ATSI,154051,TUSC,NORTON,OH,138,41.047638910000046,-81.59906993599998,100
98370337,MAXWELL 138 KV  TR71,LOAD,ATSI,153868,MAXWELL,SOLON,OH,138,41.386584183000025,-81.40253193299998,100
98370343,NORWAY  138 KV  TR71,LOAD,ATSI,153866,NORWAY,SOUTH RUSSELL,OH,138,41.43042365600007,-81.35481043499999,100
98370363,SPRUCE  34 KV   LDR1,LOAD,ATSI,148485,SPRUCE,MADISON,OH,138,41.71663667100006,-81.05005496199999,100
106856781,WOODSRD 138 KV  T12,LOAD,AEP,113595,WOODSDALE,TRENTON,OH,345,39.45039271500008,-84.46071795699999,75.0
112586233,GREENUP 4 KV    G1,GEN,EKPC,152321,GREEN,NORTH CANTON,OH,-999999,40.939346589000024,-81.46691852699996,83.33333333333333
112586233,GREENUP 4 KV    G1,GEN,EKPC,124541,GREENE,GREENE TWP,PA,138,39.997638348000066,-77.61579338799999,76.92307692307692
112586233,GREENUP 4 KV    G1,GEN,EKPC,153901,GREENE,XENIA,OH,345,39.70854121000008,-84.00153270299995,76.92307692307692
119117463,EDON    69 KV   EDONT_69,LOAD,ATSI,146791,HEMDON,HERNDON,VA,-999999,38.966076670000064,-77.37907566999996,80.0
119117807,CHARLES 138 KV  BK10,LOAD,DEOK,137536,CHARLES SUBSTATION,CINCINNATI,OH,138,39.10643584800005,-84.52039028799999,100
119117807,CHARLES 138 KV  BK10,LOAD,DEOK,147881,CHARLES CITY ROAD,HENRICO,VA,230,37.51559167700003,-77.36597471499994,100
119117823,COVNGTN 69 KV   BK1,LOAD,DEOK,121373,COVINGTON,COVINGTON,VA,138,37.76931996800005,-79.98599993299996,87.5
119117825,CRESCNT 138 KV  BK1,LOAD,DEOK,150967,CRESCENT,CRESCENT TWP,PA,345,40.56626115900008,-80.23567767699996,93.33333333333333
2156109934,KENT2   69 KV   T6,LOAD,ATSI,153856,KENT,KENT,OH,-999999,41.150429829000075,-81.37853990999997,88.88888888888889
119117953,MIDWAY2 138 KV  BK1,LOAD,DEOK,147434,MIDWAY,CHARLOTTESVILLE,VA,115,38.026582123000026,-78.70715991099996,92.3076923076923
119117953,MIDWAY2 138 KV  BK1,LOAD,DEOK,150726,MIDWAY,CHRISTIANSBURG,VA,-999999,37.17076572800005,-80.42270363999995,92.3076923076923
119117969,MRGAN   138 KV  BK1,LOAD,DEOK,152374,MORGAN,AKRON,OH,-999999,41.05561922800007,-81.51204426099997,90.9090909090909
119118009,REMINGT 138 KV  BK1,LOAD,DEOK,147898,REMINGTON,REMINGTON,VA,230,38.53964352400004,-77.77721970299996,87.5
119118037,SWARD   138 KV  BK1,LOAD,DEOK,147690,SEWARD,SEWARD,PA,230,40.406635735000066,-79.03108177099995,90.9090909090909
123901185,ALLEND  69 KV   BK1,LOAD,DEOK,147844,ALLIED,CHESTER,VA,230,37.338368453000044,-77.29775811299999,83.33333333333333
123901281,LNCOLN2 69 KV   BK3,LOAD,DEOK,150519,LINCOLN,NEW HAVEN,IN,138,41.07028412600005,-85.06263936299996,85.71428571428571
123901281,LNCOLN2 69 KV   BK3,LOAD,DEOK,157415,LINCOLN,DELAWARE,OH,69,40.30645683300003,-83.08020478599997,90.71428571428571
123901313,MIDTOWN 69 KV   BK4,LOAD,DEOK,144006,MIDDLETOWN,MEDIA,PA,230,39.91804352200006,-75.40775349399996,82.35294117647058
123901321,MILVIL  69 KV   LD41,LOAD,DEOK,147916,MILLVILLE,HARPERS FERRY,WV,-999999,39.274073808000026,-77.78685896299999,80.0
123901401,STILWEL 69 KV   BK1,LOAD,DEOK,136868,STILLWELL,BRINKHAVEN,OH,-999999,40.46203836500007,-82.12936850499995,87.5
123901439,WAUSAU  69 KV   LD1,LOAD,DEOK,137612,WAUSAU PAPER MIDDLETOWN,MIDDLETOWN,OH,69,39.519687056000066,-84.40568808699999,100
123901549,YANKEE  13 KV   GENC,GEN,DEOK,113889,YANKEE STREET,CENTERVILLE,OH,69,39.60266292100005,-84.20502148899999,100
135388737,ALTA    69 KV   TR1,LOAD,ATSI,144029,BALA,BALA CYNWYD,PA,230,40.001711509000074,-75.22773792699996,75.0
135388809,CRESTLN 69 KV   TR2,LOAD,ATSI,146778,RESTON,RESTON,VA,230,38.952913591000026,-77.34561860999997,76.92307692307692
135388855,HOLLYWD 69 KV   TR1,LOAD,ATSI,146623,HOLLYMEAD,CHARLOTTESVILLE,VA,230,38.12733997000004,-78.43377319399997,75.0
135388923,OAKDAL  69 KV   TR2,LOAD,ATSI,123376,OAKDALE,MONTICELLO,IN,69,40.656500762000064,-86.75269266799995,97.3076923076923
135389007,TRIMBLE 69 KV   TR1,LOAD,ATSI,137224,TRIMBLE,TRIMBLE,OH,138,39.48983131400007,-82.08336511099998,100
135389007,TRIMBLE 69 KV   TR1,LOAD,ATSI,151165,TRIMBLE COUNTY STATION,BEDFORD,KY,345,38.582553000000075,-85.40828999999997,100
1067163600,INVOLTA 138 KV  TR1,LOAD,ATSI,137116,INVOLTA,AKRON,OH,-999999,41.057678757000076,-81.52342995799995,100
1076374013,CRANBERRY,EHV,ATSI,124622,CRANBERRY,CRANBERRY TWP,PA,500,40.722911116000034,-80.09836324699995,100
1107280803,ALMENA  69 KV   LOAD,LOAD,AEP,129511,ALMENA,ANTWERP TWP,MI,69,42.213022857000055,-85.86335386899998,100
1107283898,BATHFE  138 KV  TR1,LOAD,ATSI,113625,BATH,XENIA,OH,345,39.76674445700007,-83.97850192299995,80.0
1107283898,BATHFE  138 KV  TR1,LOAD,ATSI,154067,BATH,AKRON,OH,-999999,41.17785353200003,-81.62650758099994,80.0
1123170839,HARMON  138 KV  T1,LOAD,AEP,144023,HARTMAN,MONTGOMERY TWP,PA,230,40.22444193300004,-75.22840111299996,76.92307692307692
1123174783,DALESTN 69 KV   LD_1820,LOAD,EKPC,154005,DALTON,DALTON,OH,-999999,40.82441244700004,-81.69904530299993,76.92307692307692
1123174785,DAVIS2  69 KV   LD_185,LOAD,EKPC,115503,DAVIS,VIRGINIA BEACH,VA,115,36.85186452000005,-76.17562484099994,90.9090909090909
1123174885,MUNK    69 KV   LD_185,LOAD,EKPC,125285,MUNK,VERONA,KY,69,38.78484600000007,-84.71483899999998,100
1123174921,REDBUSH 69 KV   LD_185,LOAD,EKPC,147530,REDBUD,WINCHESTER,VA,138,39.211971650000066,-78.13499187599996,76.92307692307692
1123174973,TYNER   69 KV   LD_1813,LOAD,EKPC,147833,TYLER,CHESTER,VA,230,37.35109094000006,-77.39523909099995,80.0
1123175311,BROOKS2 69 KV   LD_184,LOAD,EKPC,129155,BROOKS,BROOKS,KY,69,38.04965100700008,-85.71112472799996,97.3076923076923
1123175816,S_VILLE 69 KV   LD_182,LOAD,EKPC,147656,LEESVILLE,LYNCH STATION,VA,-999999,37.09398001100004,-79.40332372999995,75.0
1123180719,LAURELDM13.8 KV LAUREL,GEN,EKPC,124921,LAUREL DAM,LONDON,KY,161,36.96133915000007,-84.26996039099998,75.0
1183223103,MEADOW  34 KV   LOAD,LOAD,AEP,108861,MEADOW BRIDGE,MEADOW BRIDGE,WV,69,37.88719059700003,-80.87550263399999,100
1183223103,MEADOW  34 KV   LOAD,LOAD,AEP,147526,MEADOW BROOK,STEPHENS CITY,VA,500,39.05806093000007,-78.25340576499997,100
1183223103,MEADOW  34 KV   LOAD,LOAD,AEP,147556,MEADOW BROOK,MIDDLETOWN,VA,138,39.05412251000007,-78.25515660699995,100
1183223794,COLONYB 69 KV   LOAD,LOAD,AEP,147938,COLONY,NEWPORT NEWS,VA,115,37.10745168300008,-76.50412402999996,92.3076923076923
1218904600,COLLEEN 138 KV  LOAD1,LOAD,AEP,147667,COLLEEN,ARRINGTON,VA,138,37.71045345400006,-78.94650684599998,100
1218905133,LOONEYCR69 KV   HURLEY,LOAD,AEP,117033,HURLEY,HURLEY,VA,69,37.42230876200006,-82.02123605299994,100
1218905975,HORNMTN 69 KV   ISLDCOAL,LOAD,AEP,147340,THORNTON,FERRUM,VA,138,36.92493005600005,-79.92403450599994,80.0
1218905975,HORNMTN 69 KV   ISLDCOAL,LOAD,AEP,152380,THORNTON,AKRON,OH,-999999,41.06673538800004,-81.55269964099995,80.0
1218905978,GRUNDY  69 KV   T5,LOAD,AEP,113095,GRUNDY,GRUNDY,VA,69,37.301198010000064,-82.12463263199999,100
1218905980,HAYSI   69 KV   ECKHORN,LOAD,AEP,117043,HAYSI,HAYSI,VA,69,37.20857863200007,-82.30075677999997,100
1338423899,HAYELMRZ138 KV  HAYES,LOAD,ATSI,147930,HAYES,HAYES,VA,230,37.27920313300007,-76.49480810599994,100
1218908243,AXTEL   69 KV   AXTEL2,LOAD,ATSI,152763,AXTEL,VERMILION,OH,69,41.401456677000056,-82.37086095499996,100
1248984091,PANDARD 138 KV  CARROLL,LOAD,AEP,161590,POLAND RD,CHANTILLY,VA,230,38.91751630500005,-77.49173628499994,75.0
1248984093,ELK     138 KV  T2,LOAD,AEP,160571,ELK CREEK,MAN,WV,46,37.683288780000055,-81.82528371599994,100
1248984093,ELK     138 KV  T2,LOAD,AEP,146613,ELKO,KERSEY,PA,230,41.365076540000075,-78.59869776399995,85.71428571428571
1292908770,SOUREK  138 KV  TR1,LOAD,ATSI,137118,SOUREK,AKRON,OH,138,41.143987896000056,-81.57309234599995,100
1348256560,MEDINA  69 KV   T3 LD,LOAD,ATSI,153973,NORTH MEDINA,MEDINA,OH,345,41.169390399000065,-81.88274302899998,100
1348256560,MEDINA  69 KV   T3 LD,LOAD,ATSI,153983,WEST MEDINA,MEDINA,OH,-999999,41.14025086000004,-81.87904904499999,100
1356153536,LEXNGTN 69 KV   T1,LOAD,AEP,147630,LEXINGTON,ROCKBRIDGE BATHS,VA,500,37.86765102900006,-79.42041902199998,87.5
1356153536,LEXNGTN 69 KV   T1,LOAD,AEP,150336,LEXINGTON,ALLIANCE,OH,-999999,40.95249641800007,-81.11710721799994,87.5
1356155576,GUILFRD 138 KV  GUILFORD,LOAD,ATSI,124394,GUILFORD,GUILFORD TWP,PA,138,39.86392764200008,-77.69087703899999,98.33333333333333
1356178203,SORENSON,EHV,AEP,151156,SORENSON,ROANOKE,IN,765,40.98344822100006,-85.34175594999994,100
2041959593,COALTON 69 KV   T1,LOAD,AEP,121261,COALTON,ASHLAND,KY,69,38.36337748900007,-82.75857038399994,100
1388602470,REDWOOD 138 KV  T1,LOAD,AEP,147531,GREENWOOD,WINCHESTER,VA,138,39.15236609300007,-78.13148502699994,80.0
1388602893,ALADDIN 138 KV  T2,LOAD,AEP,160616,ALADDIN,ALEXANDRIA,IN,138,40.24763913100003,-85.68951830399999,100
1439644386,FARDAY  138 KV  T1,LOAD,AEP,133868,FARADAY,BANDY,WV,138,37.208537859000046,-81.66631623699999,97.3076923076923
1439645857,MINERAL 138 KV  BUCKEYE,LOAD,AEP,151776,MINERAL RIDGE,MINERAL RIDGE,OH,-999999,41.13877595500003,-80.77405397599995,100
2156112868,MINERVA 69 KV   T1,LOAD,AEP,157671,MINERVA,MINERVA,OH,-999999,40.71677377000003,-81.12187500699997,100
1666103436,DIEBOLDR69 KV   PERRY,LOAD,AEP,146146,PERRY,PERRY,OH,345,41.79960916300007,-81.14740295999997,100
1666103462,PHILIPS 69 KV   PHIL,LOAD,AEP,125040,PHILIPSBURG,PHILIPSBURG,PA,115,40.90313939200007,-78.21244041499995,77.77777777777777
1666103464,NOBLE   69 KV   T1,LOAD,AEP,123168,NOBLE,AVILLA,IN,69,41.36099952100005,-85.21156492599994,100
1666103464,NOBLE   69 KV   T1,LOAD,AEP,152376,NOBLE,AKRON,OH,-999999,41.08462941300007,-81.55428825999996,100
1666104456,SHRWOOD 69 KV   T1,LOAD,AEP,108908,SOURWOOD,IAEGER,WV,138,37.392304599000056,-81.84750611999993,80.0
1666104473,ROUSE   138 KV  WASHNGTN,LOAD,AEP,163195,ROUSE,GRAYSVILLE,OH,-999999,39.60786985400006,-81.15696549799998,100
2156114310,BANGOR  69 KV   T2,LOAD,AEP,144038,ANGORA,PHILADELPHIA,PA,69,39.94542421500006,-75.23618986299994,88.33333333333333
1666104479,DELPHOS 69 KV   T2,LOAD,AEP,113745,NORTH DELPHOS,DELPHOS,OH,138,40.89622489900006,-84.30933983899996,100
1775813070,GREENSW 69 KV   BROIN,LOAD,AEP,146346,GREENWAY,ASHBURN,VA,230,39.004050421000045,-77.47959762899995,80.0
1775813090,DECATUR 69 KV   T1,LOAD,AEP,123276,SOUTH DECATUR,DECATUR,IN,-999999,40.80368833500006,-84.93266614999999,100
1775813090,DECATUR 69 KV   T1,LOAD,AEP,148503,DECANT,CURTICE,OH,138,41.63722157300003,-83.33297381199998,76.92307692307692
1775813097,WNCHEST 69 KV   T3,LOAD,AEP,141202,WINCHESTER,WINCHESTER,IN,69,40.17670425100005,-84.98625806099994,87.35294117647058
1775813105,DECKER  69 KV   T2,LOAD,AEP,147883,WOODPECKER,WOODFORD,VA,115,38.090488925000045,-77.44548371099995,75.0
1869183608,SAUER   69 KV   T1,LOAD,ATSI,154287,SAUER,NORWALK,OH,-999999,41.243226125000035,-82.63535179699994,100
1869183624,WILBERT 69 KV   T1,LOAD,ATSI,153958,GILBERT,GILBERT,WV,46,37.61547188800006,-81.86294443099996,85.71428571428571
1869183640,HURON FE69 KV   T1,LOAD,ATSI,154530,HURON,HURON,OH,-999999,41.38962293900005,-82.54633991299994,100
1869183643,WILMER  69 KV   T1,LOAD,ATSI,146433,WILMERDING,TURTLE CREEK,PA,138,40.402177004000066,-79.81302211099995,75.0
2041958109,BASSETT 69 KV   T1,LOAD,AEP,147338,WEST BASSETT,BASSETT,VA,138,36.76979022900008,-80.01751278799998,100
2156110484,RIDGELY 138 KV  T1,LOAD,AEP,146408,RIDGEWAY,RIDGEWAY,VA,138,36.58641858800007,-79.83865419599994,85.0
2041966750,DEER    69 KV   T1,LOAD,ATSI,123992,DEER CREEK,MARION,IN,138,40.51604701900004,-85.64382550199997,100
2041966764,FREEMAN 69 KV   T1,LOAD,ATSI,148209,FREEMAN DP,FREEMAN,VA,115,36.76420328300003,-77.70108815999998,100
2041966824,RADNOR  69 KV   T1,LOAD,ATSI,147578,RADNOR HEIGHTS,ARLINGTON,VA,-999999,38.88597774400006,-77.08253236299998,100
2041966868,AERO    69 KV   T1,LOAD,ATSI,151010,AERO,VIENNA,OH,-999999,41.25930002900003,-80.69903901499998,100
2041966869,FREEDME 69 KV   T1,LOAD,ATSI,151734,FREEDOM,MANTUA,OH,-999999,41.26946819300008,-81.14408713099994,85.71428571428571
2041966897,WINDHAM 69 KV   T1,LOAD,ATSI,152849,WINDHAM,WINDHAM,OH,-999999,41.23528533100006,-81.00308573899997,100
2155501899,MTUNION 69 KV   T2,LOAD,AEP,147805,MT. UNION,TROUTVILLE,VA,-999999,37.460082113000055,-80.01517844299997,87.5
2156108973,BUELL   138 KV  T1,LOAD,AEP,150289,BLUEBELL,ALLIANCE,OH,138,40.91993379300004,-81.07754947699993,81.92307692307692
2156108983,SPEIDEL 69 KV   HANNACOL,LOAD,AEP,150326,SPEIDEL,BARNESVILLE,OH,138,40.00522506300007,-81.12537372999998,100
2156108996,NEFFS   69 KV   T1,LOAD,AEP,136880,NEFF,BELLAIRE,OH,138,40.02901981500003,-80.81992136299993,88.88888888888889
2156109016,ATWOOD  69 KV   ATWOOD,LOAD,AEP,108828,FLATWOOD,ELKVIEW,WV,138,38.40111464100005,-81.47194016299994,85.71428571428571
2156109016,ATWOOD  69 KV   ATWOOD,LOAD,AEP,147055,OAKWOOD,NORFOLK,VA,-999999,36.90978868000008,-76.23733450099996,76.92307692307692
2156109037,CONTOWN 69 KV   CONTOWN,LOAD,EKPC,146944,JOHNSTOWN,JACKSON TWP,PA,230,40.40375056200003,-78.91608147799997,75.0
2156109316,BRIDGE  69 KV   T2,LOAD,AEP,146331,IRON BRIDGE,RICHMOND,VA,230,37.408621664000066,-77.50466853399996,100
2156109316,BRIDGE  69 KV   T2,LOAD,AEP,147025,IRON BRIDGE,MT PLEASANT,PA,138,40.11450915700004,-79.55034358599994,100
2156109595,WYOGA   69 KV   T1,LOAD,ATSI,152336,WYOGA,STOW,OH,-999999,41.18058102500004,-81.49150756699999,100
2156109925,GARLING 138 KV  NSGGLASS,LOAD,ATSI,147574,ARLINGTON,ARLINGTON,VA,230,38.84769082300005,-77.09782624199994,75.0
2156109925,GARLING 138 KV  NSGGLASS,LOAD,ATSI,152312,ARLINGTON,AKRON,OH,-999999,41.06867402300003,-81.48824412599998,75.0
2156110154,WBASHAN 69 KV   T1,LOAD,AEP,153274,WABASH,WABASH,IN,138,40.78792608400005,-85.81791813299998,76.92307692307692
2156110163,RACCOON 138 KV  T1,LOAD,AEP,150618,RACCOON,CENTER TWP,PA,138,40.640067266000074,-80.33302469099993,100
2156110169,DEVOLA  138 KV  T1,LOAD,AEP,152303,DEVOLA,MARIETTA,OH,138,39.44314276800003,-81.44287730199994,100
2156110458,LUSHER  69 KV   T1LOAD,LOAD,AEP,160658,LUSHER,ELKHART,IN,-999999,41.667168729000025,-85.96093687999996,100
2156110484,RIDGELY 138 KV  T1,LOAD,AEP,147370,RIDGELEY,RIDGELEY,WV,138,39.63010824200006,-78.78359397999998,98.33333333333333
2156110507,ZEDAKER 69 KV   GENEX_LD,LOAD,ATSI,150403,ZEDAKER,YOUNGSTOWN,OH,-999999,41.06210204200005,-80.63670559599996,100
2156110823,CAMERON 69 KV   T1,LOAD,AEP,146458,CARSON,PITTSBURGH,PA,138,40.41973579900008,-79.96004876699999,76.92307692307692
2156110823,CAMERON 69 KV   T1,LOAD,AEP,148246,CARSON,PETERSBURG,VA,500,37.085388246000036,-77.40587584299999,76.92307692307692
2156110834,COLE    138 KV  T3,LOAD,AEP,176837,COLE ROAD,GALLOWAY,OH,345,39.958654280000076,-83.18104739299997,100
2156110834,COLE    138 KV  T3,LOAD,AEP,155002,COPLEY,AKRON,OH,-999999,41.099526868000055,-81.65158542099994,80.0
2156111262,HAYDEN  138 KV  T4,LOAD,AEP,152466,HAYDEN,HILLIARD,OH,345,40.061931155000025,-83.19406476499995,100
2156111393,GUYANDOT138 KV  MARIANNA,LOAD,AEP,130792,MARIANNA,MARIANNA,WV,46,37.59247721700007,-81.60271371099998,100
2156111843,SBENTON 69 KV   T1,LOAD,AEP,147521,BEDINGTON,MARTINSBURG,WV,500,39.51558068400004,-77.91731837199995,75.0
2156111857,MCELROY 69 KV   FISHCRK,LOAD,AEP,144020,ELROY,HATFIELD TWP,PA,500,40.27833900100006,-75.32625676299995,83.33333333333333
2156111883,PERCH   138 KV  T1,LOAD,AEP,147663,PERTH,NATHALIE,VA,115,37.013663019000035,-79.00402362099999,80.0
2156111972,ARBOLES 138 KV  ACP2,LOAD,AEP,144007,BARBADOES,NORRISTOWN,PA,230,40.11441226200003,-75.35845087799999,75.0
2156117885,WWILMONT69 KV   ALPINE,LOAD,AEP,147835,ALPINE,CHESTER,VA,230,37.33627018300007,-77.28109658299996,100
2156117885,WWILMONT69 KV   ALPINE,LOAD,AEP,155006,ALPINE,WILMOT,OH,-999999,40.655127537000055,-81.65725016199997,100
2156112478,OHIOOIL 69 KV   T1,LOAD,AEP,127652,OHIO OIL,ELWOOD,IN,69,40.291272347000074,-85.86242314299994,98.33333333333333
2156117429,ZANE    69 KV   TR1,LOAD,ATSI,151359,ZANE,EAST PALESTINE,OH,-999999,40.833830000000034,-80.52484411699999,100
2156112946,ESPARTA 69 KV   T3,LOAD,AEP,153877,EAST SPARTA,EAST SPARTA,OH,-999999,40.660372524000024,-81.35744616699998,77.77777777777777
2156113028,LYNN    69 KV   T1,LOAD,AEP,123485,LAKE LYNN HYDRO STATION,LAKE LYNN,PA,138,39.72114713600007,-79.85510503699999,100
2156113079,REEDY   69 KV   T1,LOAD,AEP,146906,REEDY CREEK,SOUTH BOSTON,VA,115,36.697712986000056,-78.87641442299997,100
2156113196,JARRETT 138 KV  T1,LOAD,AEP,148212,JARRATT,DEWITT,VA,115,36.82027336800007,-77.48376492199998,85.71428571428571
2156113254,LANE    69 KV   ALD,LOAD,AEP,150377,MAHANS LANE,FOLLANSBEE,WV,138,40.33752000700008,-80.59360736099995,100
2156113574,IRNTRNGL138 KV  LOUDON,LOAD,AEP,157733,LOUDON,ALDIE,VA,500,38.89413189100003,-77.56454703199995,100
2156113676,JEANETTE69 KV   FOSTORIA,LOAD,AEP,153669,FOSTORIA,FOSTORIA,OH,138,41.15156682600008,-83.43458287299995,100
2156114132,CANNON  69 KV   WEST_LD,LOAD,ATSI,146345,CANNON BRANCH,MANASSAS,VA,230,38.744047747000025,-77.50301177799997,100
2156114177,NORDSON 69 KV   NORD_LD,LOAD,ATSI,152377,NORDONIA,MACEDONIA,OH,138,41.30221632800004,-81.49515563799997,80.0
2156114550,BEACON  345 KV  DARBY1,LOAD,AEP,146785,BECO,STERLING,VA,230,39.02455766700007,-77.43713271499996,80.0
2156114580,HILLS   69 KV   LOAD1,LOAD,ATSI,116747,VIRIGINIA HILLS,ALEXANDRIA,VA,230,38.784851298000035,-77.10849407899997,100
2156114580,HILLS   69 KV   LOAD1,LOAD,ATSI,151057,SHORT HILLS,KINGSPORT,TN,138,36.55991274100006,-82.51515857999993,100
2156114580,HILLS   69 KV   LOAD1,LOAD,ATSI,152371,HILLS,NORTHFIELD,OH,-999999,41.29949918800003,-81.54937961799999,100
2156114652,LITTON  69 KV   XFMR1,LOAD,DEOK,128956,CLINTON,CLINTON,MI,-999999,42.068168135000064,-83.97639958799994,76.92307692307692
2156114652,LITTON  69 KV   XFMR1,LOAD,DEOK,146774,CLIFTON,CLIFTON,VA,500,38.78120873100005,-77.39880676299998,76.92307692307692
2156114766,CALLERY 69 KV   T1LD,LOAD,ATSI,128723,VALLEY,DECATUR,MI,138,42.10193654500006,-85.96885297699998,76.92307692307692
2156114766,CALLERY 69 KV   T1LD,LOAD,ATSI,147665,VALLEY,WEYERS CAVE,VA,500,38.314341598000055,-78.97081061799997,76.92307692307692
2156114766,CALLERY 69 KV   T1LD,LOAD,ATSI,150566,VALLEY,ROCHESTER TWP,PA,138,40.717424864000066,-80.29646434999995,76.92307692307692
2156115636,SUPPERSA69 KV   GUARDIAN,LOAD,AEP,122661,GUARDIAN,LIGONIER,IN,138,41.45619559200003,-85.60518956099997,100
2156115860,PERMAC  69 KV   CNXGAS,LOAD,AEP,160540,PERMAC,OAKWOOD,VA,69,37.157045330000074,-81.98353420299998,100
2156115931,ADRIAN  69 KV   LOAD,LOAD,AEP,128958,ADRIAN ENERGY ASSOCIATES LLC,PALMYRA TWP,MI,-999999,41.89124026200005,-83.99307965999998,100
2156117260,BRIMFLD 69 KV   TR1LD,LOAD,ATSI,153851,BRIMFIELD,KENT,OH,-999999,41.11724567500005,-81.33320426099993,87.5
2156117261,LISBON  69 KV   TR2,LOAD,ATSI,151297,LISBON,LISBON,OH,-999999,40.77460819500004,-80.75969660999993,100
2156117501,ELMO    69 KV   T1,LOAD,AEP,147561,ELKO,SANDSTON,VA,230,37.47725916500008,-77.23744482599994,75.0
2156118405,CLUTCH  69 KV   LUKUSAT1,LOAD,AEP,113840,CLUTCH SWITCH,WOOSTER,OH,138,40.83594686400005,-81.89714429199995,100
2156118435,KIBER   138 KV  GROVES2,LOAD,AEP,151295,KIMBERLY,YOUNGSTOWN,OH,-999999,41.101848956000026,-80.75737130399995,76.92307692307692
2156118984,GARDEN  69 KV   T4,LOAD,AEP,117036,GARDEN CREEK,OAKWOOD,VA,138,37.20653432900008,-82.00870516899994,100
2156118984,GARDEN  69 KV   T4,LOAD,AEP,146618,BEAR GARDEN,NEW CANTON,VA,230,37.697089661000064,-78.28432132099994,100
